src_ip,dst_ip,src_port,dst_port,protocol,duration_s,pkt_count,byte_count,pkt_per_sec,byte_per_sec,pkt_len_mean,pkt_len_std,pkt_len_min,pkt_len_max,iat_mean,iat_std,iat_min,iat_max,syn_count,ack_count,rst_count,fin_count,psh_count,urg_count,syn_ratio,rst_ratio,ttl_mean,ttl_std,win_mean,only_syn,syn_no_ack,has_rst,label
172.30.0.100,172.30.0.13,8080,57062,6,0.000162,8,746,49417.4256,4608174.9396,93.25,66.1358,66,268,2.3e-05,1.8e-05,7e-06,5.8e-05,2,7,0,2,1,0,0.25,0.0,64.0,0.0,16553.0,0,0,0,benign
172.30.0.100,172.30.0.11,8080,47234,6,0.000182,8,746,43976.9751,4100852.9279,93.25,66.1358,66,268,2.6e-05,1.8e-05,7e-06,6.2e-05,2,7,0,2,1,0,0.25,0.0,64.0,0.0,16553.0,0,0,0,benign
172.30.0.11,172.30.0.200,8080,64477,6,2.6e-05,2,112,76959.7064,4309743.5596,56.0,2.0,54,58,2.6e-05,0.0,2.6e-05,2.6e-05,1,1,1,0,0,0,0.5,0.5,58.5,5.5,512.0,0,0,1,port_scan
172.30.0.11,172.30.0.200,21,64477,6,7e-06,2,112,289262.3448,16198691.3103,56.0,2.0,54,58,7e-06,0.0,7e-06,7e-06,1,1,1,0,0,0,0.5,0.5,57.5,6.5,512.0,0,0,1,port_scan
172.30.0.11,172.30.0.200,25,64477,6,4e-06,2,112,493447.5294,27633061.6471,56.0,2.0,54,58,4e-06,0.0,4e-06,4e-06,1,1,1,0,0,0,0.5,0.5,61.0,3.0,512.0,0,0,1,port_scan
172.30.0.11,172.30.0.200,23,64477,6,5e-06,2,112,399457.5238,22369621.3333,56.0,2.0,54,58,5e-06,0.0,5e-06,5e-06,1,1,1,0,0,0,0.5,0.5,58.5,5.5,512.0,0,0,1,port_scan
172.30.0.11,172.30.0.200,443,64477,6,4e-06,2,112,524288.0,29360128.0,56.0,2.0,54,58,4e-06,0.0,4e-06,4e-06,1,1,1,0,0,0,0.5,0.5,57.5,6.5,512.0,0,0,1,port_scan
172.30.0.11,172.30.0.200,445,64477,6,5e-06,2,112,399457.5238,22369621.3333,56.0,2.0,54,58,5e-06,0.0,5e-06,5e-06,1,1,1,0,0,0,0.5,0.5,51.5,12.5,512.0,0,0,1,port_scan
172.30.0.11,172.30.0.200,22,64477,6,2e-05,3,170,149796.5714,8488472.381,56.6667,1.8856,54,58,1e-05,2e-06,8e-06,1.2e-05,2,1,1,0,0,0,0.6667,0.3333,56.0,11.31,21754.67,0,0,1,port_scan
172.30.0.11,172.30.0.200,53,64477,6,5e-06,2,112,399457.5238,22369621.3333,56.0,2.0,54,58,5e-06,0.0,5e-06,5e-06,1,1,1,0,0,0,0.5,0.5,60.5,3.5,512.0,0,0,1,port_scan
172.30.0.11,172.30.0.200,80,64477,6,5e-06,2,112,399457.5238,22369621.3333,56.0,2.0,54,58,5e-06,0.0,5e-06,5e-06,1,1,1,0,0,0,0.5,0.5,61.5,2.5,512.0,0,0,1,port_scan
172.30.0.11,172.30.0.200,3306,64477,6,5e-06,2,112,399457.5238,22369621.3333,56.0,2.0,54,58,5e-06,0.0,5e-06,5e-06,1,1,1,0,0,0,0.5,0.5,61.5,2.5,512.0,0,0,1,port_scan
172.30.0.11,172.30.0.200,1883,64477,6,5e-06,2,112,399457.5238,22369621.3333,56.0,2.0,54,58,5e-06,0.0,5e-06,5e-06,1,1,1,0,0,0,0.5,0.5,52.0,12.0,512.0,0,0,1,port_scan
172.30.0.11,172.30.0.200,5683,64477,6,5e-06,2,112,399457.5238,22369621.3333,56.0,2.0,54,58,5e-06,0.0,5e-06,5e-06,1,1,1,0,0,0,0.5,0.5,60.0,4.0,512.0,0,0,1,port_scan
172.30.0.11,172.30.0.200,6379,64477,6,5e-06,2,112,399457.5238,22369621.3333,56.0,2.0,54,58,5e-06,0.0,5e-06,5e-06,1,1,1,0,0,0,0.5,0.5,57.0,7.0,512.0,0,0,1,port_scan
172.30.0.11,172.30.0.200,5432,64477,6,5e-06,2,112,399457.5238,22369621.3333,56.0,2.0,54,58,5e-06,0.0,5e-06,5e-06,1,1,1,0,0,0,0.5,0.5,51.5,12.5,512.0,0,0,1,port_scan
172.30.0.11,172.30.0.200,8443,64477,6,5e-06,2,112,399457.5238,22369621.3333,56.0,2.0,54,58,5e-06,0.0,5e-06,5e-06,1,1,1,0,0,0,0.5,0.5,61.0,3.0,512.0,0,0,1,port_scan
172.30.0.11,172.30.0.200,9200,64477,6,5e-06,2,112,399457.5238,22369621.3333,56.0,2.0,54,58,5e-06,0.0,5e-06,5e-06,1,1,1,0,0,0,0.5,0.5,61.0,3.0,512.0,0,0,1,port_scan
172.30.0.11,172.30.0.200,27017,64477,6,4e-06,2,112,493447.5294,27633061.6471,56.0,2.0,54,58,4e-06,0.0,4e-06,4e-06,1,1,1,0,0,0,0.5,0.5,58.0,6.0,512.0,0,0,1,port_scan
172.30.0.11,172.30.0.200,2323,64477,6,4e-06,2,112,493447.5294,27633061.6471,56.0,2.0,54,58,4e-06,0.0,4e-06,4e-06,1,1,1,0,0,0,0.5,0.5,61.5,2.5,512.0,0,0,1,port_scan
172.30.0.12,172.30.0.200,3306,33317,6,2e-05,2,112,99864.381,5592405.3333,56.0,2.0,54,58,2e-05,0.0,2e-05,2e-05,1,1,1,0,0,0,0.5,0.5,60.0,4.0,512.0,0,0,1,port_scan
172.30.0.12,172.30.0.200,8080,33317,6,7e-06,2,112,289262.3448,16198691.3103,56.0,2.0,54,58,7e-06,0.0,7e-06,7e-06,1,1,1,0,0,0,0.5,0.5,52.0,12.0,512.0,0,0,1,port_scan
172.30.0.12,172.30.0.200,23,33317,6,5e-06,2,112,399457.5238,22369621.3333,56.0,2.0,54,58,5e-06,0.0,5e-06,5e-06,1,1,1,0,0,0,0.5,0.5,52.0,12.0,512.0,0,0,1,port_scan
172.30.0.12,172.30.0.200,21,33317,6,5e-06,2,112,399457.5238,22369621.3333,56.0,2.0,54,58,5e-06,0.0,5e-06,5e-06,1,1,1,0,0,0,0.5,0.5,54.5,9.5,512.0,0,0,1,port_scan
172.30.0.12,172.30.0.200,53,33317,6,5e-06,2,112,399457.5238,22369621.3333,56.0,2.0,54,58,5e-06,0.0,5e-06,5e-06,1,1,1,0,0,0,0.5,0.5,53.0,11.0,512.0,0,0,1,port_scan
172.30.0.12,172.30.0.200,22,33317,6,4e-06,2,112,493447.5294,27633061.6471,56.0,2.0,54,58,4e-06,0.0,4e-06,4e-06,1,1,1,0,0,0,0.5,0.5,53.5,10.5,512.0,0,0,1,port_scan
172.30.0.12,172.30.0.200,445,33317,6,5e-06,2,112,399457.5238,22369621.3333,56.0,2.0,54,58,5e-06,0.0,5e-06,5e-06,1,1,1,0,0,0,0.5,0.5,58.0,6.0,512.0,0,0,1,port_scan
172.30.0.12,172.30.0.200,25,33317,6,5e-06,2,112,399457.5238,22369621.3333,56.0,2.0,54,58,5e-06,0.0,5e-06,5e-06,1,1,1,0,0,0,0.5,0.5,59.5,4.5,512.0,0,0,1,port_scan
172.30.0.12,172.30.0.200,80,33317,6,5e-06,2,112,399457.5238,22369621.3333,56.0,2.0,54,58,5e-06,0.0,5e-06,5e-06,1,1,1,0,0,0,0.5,0.5,61.0,3.0,512.0,0,0,1,port_scan
172.30.0.12,172.30.0.200,443,33317,6,5e-06,2,112,399457.5238,22369621.3333,56.0,2.0,54,58,5e-06,0.0,5e-06,5e-06,1,1,1,0,0,0,0.5,0.5,58.0,6.0,512.0,0,0,1,port_scan
172.30.0.12,172.30.0.200,9200,33317,6,5e-06,2,112,399457.5238,22369621.3333,56.0,2.0,54,58,5e-06,0.0,5e-06,5e-06,1,1,1,0,0,0,0.5,0.5,52.5,11.5,512.0,0,0,1,port_scan
172.30.0.12,172.30.0.200,2323,33317,6,5e-06,2,112,399457.5238,22369621.3333,56.0,2.0,54,58,5e-06,0.0,5e-06,5e-06,1,1,1,0,0,0,0.5,0.5,60.5,3.5,512.0,0,0,1,port_scan
172.30.0.12,172.30.0.200,6379,33317,6,5e-06,2,112,399457.5238,22369621.3333,56.0,2.0,54,58,5e-06,0.0,5e-06,5e-06,1,1,1,0,0,0,0.5,0.5,57.5,6.5,512.0,0,0,1,port_scan
172.30.0.12,172.30.0.200,5432,33317,6,4e-06,2,112,493447.5294,27633061.6471,56.0,2.0,54,58,4e-06,0.0,4e-06,4e-06,1,1,1,0,0,0,0.5,0.5,54.5,9.5,512.0,0,0,1,port_scan
172.30.0.12,172.30.0.200,1883,33317,6,1.4e-05,3,170,213269.6949,12085282.7119,56.6667,1.8856,54,58,7e-06,2e-06,5e-06,9e-06,2,1,1,0,0,0,0.6667,0.3333,57.0,9.9,21754.67,0,0,1,port_scan
172.30.0.12,172.30.0.200,8443,33317,6,4e-06,2,112,524288.0,29360128.0,56.0,2.0,54,58,4e-06,0.0,4e-06,4e-06,1,1,1,0,0,0,0.5,0.5,61.0,3.0,512.0,0,0,1,port_scan
172.30.0.12,172.30.0.200,5683,33317,6,5e-06,2,112,399457.5238,22369621.3333,56.0,2.0,54,58,5e-06,0.0,5e-06,5e-06,1,1,1,0,0,0,0.5,0.5,59.0,5.0,512.0,0,0,1,port_scan
172.30.0.12,172.30.0.200,27017,33317,6,4e-06,2,112,524288.0,29360128.0,56.0,2.0,54,58,4e-06,0.0,4e-06,4e-06,1,1,1,0,0,0,0.5,0.5,58.5,5.5,512.0,0,0,1,port_scan
172.30.0.13,172.30.0.200,22,61991,6,3.1e-05,3,170,96791.6308,5484859.0769,56.6667,1.8856,54,58,1.5e-05,5e-06,1e-05,2.1e-05,2,1,1,0,0,0,0.6667,0.3333,58.33,8.01,21754.67,0,0,1,port_scan
172.30.0.13,172.30.0.200,80,61991,6,8e-06,2,112,246723.7647,13816530.8235,56.0,2.0,54,58,8e-06,0.0,8e-06,8e-06,1,1,1,0,0,0,0.5,0.5,59.0,5.0,512.0,0,0,1,port_scan
172.30.0.13,172.30.0.200,443,61991,6,5e-06,2,112,399457.5238,22369621.3333,56.0,2.0,54,58,5e-06,0.0,5e-06,5e-06,1,1,1,0,0,0,0.5,0.5,58.5,5.5,512.0,0,0,1,port_scan
172.30.0.13,172.30.0.200,53,61991,6,6e-06,2,112,322638.7692,18067771.0769,56.0,2.0,54,58,6e-06,0.0,6e-06,6e-06,1,1,1,0,0,0,0.5,0.5,58.5,5.5,512.0,0,0,1,port_scan
172.30.0.13,172.30.0.200,23,61991,6,5e-06,2,112,399457.5238,22369621.3333,56.0,2.0,54,58,5e-06,0.0,5e-06,5e-06,1,1,1,0,0,0,0.5,0.5,61.5,2.5,512.0,0,0,1,port_scan
172.30.0.13,172.30.0.200,25,61991,6,5e-06,2,112,399457.5238,22369621.3333,56.0,2.0,54,58,5e-06,0.0,5e-06,5e-06,1,1,1,0,0,0,0.5,0.5,56.5,7.5,512.0,0,0,1,port_scan
172.30.0.13,172.30.0.200,3306,61991,6,5e-06,2,112,399457.5238,22369621.3333,56.0,2.0,54,58,5e-06,0.0,5e-06,5e-06,1,1,1,0,0,0,0.5,0.5,59.0,5.0,512.0,0,0,1,port_scan
172.30.0.13,172.30.0.200,21,61991,6,5e-06,2,112,399457.5238,22369621.3333,56.0,2.0,54,58,5e-06,0.0,5e-06,5e-06,1,1,1,0,0,0,0.5,0.5,59.0,5.0,512.0,0,0,1,port_scan
172.30.0.13,172.30.0.200,445,61991,6,4e-06,2,112,493447.5294,27633061.6471,56.0,2.0,54,58,4e-06,0.0,4e-06,4e-06,1,1,1,0,0,0,0.5,0.5,58.0,6.0,512.0,0,0,1,port_scan
172.30.0.13,172.30.0.200,8080,61991,6,5e-06,2,112,399457.5238,22369621.3333,56.0,2.0,54,58,5e-06,0.0,5e-06,5e-06,1,1,1,0,0,0,0.5,0.5,59.0,5.0,512.0,0,0,1,port_scan
172.30.0.13,172.30.0.200,6379,61991,6,5e-06,2,112,399457.5238,22369621.3333,56.0,2.0,54,58,5e-06,0.0,5e-06,5e-06,1,1,1,0,0,0,0.5,0.5,58.5,5.5,512.0,0,0,1,port_scan
172.30.0.13,172.30.0.200,8443,61991,6,5e-06,2,112,399457.5238,22369621.3333,56.0,2.0,54,58,5e-06,0.0,5e-06,5e-06,1,1,1,0,0,0,0.5,0.5,53.0,11.0,512.0,0,0,1,port_scan
172.30.0.13,172.30.0.200,5432,61991,6,4e-06,2,112,493447.5294,27633061.6471,56.0,2.0,54,58,4e-06,0.0,4e-06,4e-06,1,1,1,0,0,0,0.5,0.5,54.5,9.5,512.0,0,0,1,port_scan
172.30.0.13,172.30.0.200,1883,61991,6,1e-05,3,170,299593.1429,16976944.7619,56.6667,1.8856,54,58,5e-06,0.0,5e-06,5e-06,2,1,1,0,0,0,0.6667,0.3333,58.33,8.01,21754.67,0,0,1,port_scan
172.30.0.13,172.30.0.200,2323,61991,6,5e-06,2,112,399457.5238,22369621.3333,56.0,2.0,54,58,5e-06,0.0,5e-06,5e-06,1,1,1,0,0,0,0.5,0.5,53.0,11.0,512.0,0,0,1,port_scan
172.30.0.13,172.30.0.200,27017,61991,6,4e-06,2,112,493447.5294,27633061.6471,56.0,2.0,54,58,4e-06,0.0,4e-06,4e-06,1,1,1,0,0,0,0.5,0.5,55.5,8.5,512.0,0,0,1,port_scan
172.30.0.13,172.30.0.200,9200,61991,6,5e-06,2,112,399457.5238,22369621.3333,56.0,2.0,54,58,5e-06,0.0,5e-06,5e-06,1,1,1,0,0,0,0.5,0.5,51.5,12.5,512.0,0,0,1,port_scan
172.30.0.13,172.30.0.200,5683,61991,6,5e-06,2,112,399457.5238,22369621.3333,56.0,2.0,54,58,5e-06,0.0,5e-06,5e-06,1,1,1,0,0,0,0.5,0.5,53.0,11.0,512.0,0,0,1,port_scan
172.30.0.100,172.30.0.12,8080,33682,6,0.000161,8,746,49636.7337,4628625.4201,93.25,66.1358,66,268,2.3e-05,1.8e-05,7e-06,6e-05,2,7,0,2,1,0,0.25,0.0,64.0,0.0,16553.0,0,0,0,port_scan
172.30.0.100,172.30.0.13,8080,56448,6,0.000179,8,745,44739.2427,4166341.9733,93.125,65.8055,66,267,2.6e-05,1.8e-05,7e-06,6.2e-05,2,7,0,2,1,0,0.25,0.0,64.0,0.0,16553.0,0,0,0,benign
172.30.0.100,172.30.0.11,8080,47238,6,0.000166,8,745,48210.3908,4489592.6437,93.125,65.8055,66,267,2.4e-05,2e-05,7e-06,7.1e-05,2,7,0,2,1,0,0.25,0.0,64.0,0.0,16553.0,0,0,0,benign
172.30.0.100,172.30.0.13,8080,56450,6,0.000158,8,746,50610.003,4719382.7813,93.25,66.1358,66,268,2.3e-05,1.8e-05,7e-06,6.2e-05,2,7,0,2,1,0,0.25,0.0,64.0,0.0,16553.0,0,0,0,benign
172.30.0.100,172.30.0.12,8080,33684,6,0.000116,9,812,77672.2963,7007767.177,90.2222,62.9387,66,268,1.4e-05,1.5e-05,5e-06,5.4e-05,2,8,0,2,1,0,0.2222,0.0,64.0,0.0,14770.22,0,0,0,benign
172.30.0.100,172.30.0.11,8080,46980,6,0.000212,8,746,37701.609,3515675.0382,93.25,66.1358,66,268,3e-05,2.2e-05,8e-06,7.8e-05,2,7,0,2,1,0,0.25,0.0,64.0,0.0,16553.0,0,0,0,benign
172.30.0.100,172.30.0.12,8080,59132,6,0.000209,8,746,38304.1461,3571861.6256,93.25,66.1358,66,268,3e-05,2.3e-05,9e-06,8.3e-05,2,7,0,2,1,0,0.25,0.0,64.0,0.0,16553.0,0,0,0,benign
172.30.0.100,172.30.0.13,8080,57230,6,0.000192,8,746,41630.8089,3882072.933,93.25,66.1358,66,268,2.7e-05,1.9e-05,7e-06,6.4e-05,2,7,0,2,1,0,0.25,0.0,64.0,0.0,16553.0,0,0,0,benign
172.30.0.100,172.30.0.11,8080,46990,6,0.000172,8,746,46474.2825,4333726.8476,93.25,66.1358,66,268,2.5e-05,1.9e-05,6e-06,6.3e-05,2,7,0,2,1,0,0.25,0.0,64.0,0.0,16553.0,0,0,0,benign
172.30.0.100,172.30.0.12,8080,59134,6,0.000144,8,746,55553.6954,5180382.0927,93.25,66.1358,66,268,2.1e-05,1.7e-05,6e-06,6.1e-05,2,7,0,2,1,0,0.25,0.0,64.0,0.0,16553.0,0,0,0,benign
172.30.0.100,172.30.0.13,8080,57242,6,0.000167,8,746,47934.9029,4469929.6914,93.25,66.1358,66,268,2.4e-05,1.8e-05,7e-06,5.9e-05,2,7,0,2,1,0,0.25,0.0,64.0,0.0,16553.0,0,0,0,benign
172.30.0.100,172.30.0.11,8080,36714,6,0.000171,8,745,46798.371,4358098.2985,93.125,65.8055,66,267,2.4e-05,1.9e-05,6e-06,6e-05,2,7,0,2,1,0,0.25,0.0,64.0,0.0,16553.0,0,0,0,benign
172.30.0.100,172.30.0.13,8080,43056,6,0.000125,8,746,64035.1756,5971280.1221,93.25,66.1358,66,268,1.8e-05,1.4e-05,6e-06,5.1e-05,2,7,0,2,1,0,0.25,0.0,64.0,0.0,16553.0,0,0,0,benign
172.30.0.100,172.30.0.12,8080,46364,6,0.000161,8,746,49636.7337,4628625.4201,93.25,66.1358,66,268,2.3e-05,2e-05,8e-06,6.6e-05,2,7,0,2,1,0,0.25,0.0,64.0,0.0,16553.0,0,0,0,benign
172.30.0.100,172.30.0.13,8080,43060,6,0.00017,8,746,47060.9144,4388430.2721,93.25,66.1358,66,268,2.4e-05,1.9e-05,6e-06,6.2e-05,2,7,0,2,1,0,0.25,0.0,64.0,0.0,16553.0,0,0,0,benign
172.30.0.100,172.30.0.11,8080,36718,6,0.000123,8,746,65027.969,6063858.1085,93.25,66.1358,66,268,1.8e-05,1.5e-05,6e-06,5.4e-05,2,7,0,2,1,0,0.25,0.0,64.0,0.0,16553.0,0,0,0,benign
172.30.0.100,172.30.0.12,8080,46370,6,0.000145,8,746,55188.2105,5146300.6316,93.25,66.1358,66,268,2.1e-05,1.6e-05,6e-06,5.7e-05,2,7,0,2,1,0,0.25,0.0,64.0,0.0,16553.0,0,0,0,benign
172.30.0.100,172.30.0.13,8080,53310,6,0.000194,8,745,41221.6609,3838767.1744,93.125,65.8055,66,267,2.8e-05,2e-05,8e-06,6.2e-05,2,7,0,2,1,0,0.25,0.0,64.0,0.0,16553.0,0,0,0,benign
172.30.0.100,172.30.0.12,8080,33410,6,0.000168,8,746,47662.5455,4444532.3636,93.25,66.1358,66,268,2.4e-05,1.8e-05,7e-06,6.2e-05,2,7,0,2,1,0,0.25,0.0,64.0,0.0,16553.0,0,0,0,benign
172.30.0.100,172.30.0.11,8080,46582,6,0.000163,8,746,49128.0117,4581187.0922,93.25,66.1358,66,268,2.3e-05,1.6e-05,1e-05,6e-05,2,7,0,2,1,0,0.25,0.0,64.0,0.0,16553.0,0,0,0,benign
172.30.0.100,172.30.0.13,8080,53324,6,0.00019,8,746,42100.9184,3925910.6449,93.25,66.1358,66,268,2.7e-05,2e-05,7e-06,6.2e-05,2,7,0,2,1,0,0.25,0.0,64.0,0.0,16553.0,0,0,0,benign
172.30.0.100,172.30.0.12,8080,33418,6,0.000158,8,746,50686.4532,4726511.7583,93.25,66.1358,66,268,2.3e-05,1.7e-05,6e-06,6e-05,2,7,0,2,1,0,0.25,0.0,64.0,0.0,16553.0,0,0,0,benign
172.30.0.100,172.30.0.11,8080,46592,6,0.000209,8,746,38304.1461,3571861.6256,93.25,66.1358,66,268,3e-05,2.5e-05,7e-06,7.9e-05,2,7,0,2,1,0,0.25,0.0,64.0,0.0,16553.0,0,0,0,benign
172.30.0.100,172.30.0.13,8080,36748,6,0.000188,8,746,42527.7972,3965717.09,93.25,66.1358,66,268,2.7e-05,1.9e-05,8e-06,6.4e-05,2,7,0,2,1,0,0.25,0.0,64.0,0.0,16553.0,0,0,0,benign
172.30.0.100,172.30.0.12,8080,38604,6,0.000192,8,746,41682.5242,3886895.3839,93.25,66.1358,66,268,2.7e-05,2.2e-05,7e-06,7.3e-05,2,7,0,2,1,0,0.25,0.0,64.0,0.0,16553.0,0,0,0,benign
172.30.0.100,172.30.0.11,8080,40490,6,0.000155,8,745,51622.2031,4807317.6615,93.125,65.8055,66,267,2.2e-05,1.7e-05,7e-06,6e-05,2,7,0,2,1,0,0.25,0.0,64.0,0.0,16553.0,0,0,0,benign
172.30.0.100,172.30.0.12,8080,38618,6,0.000179,8,746,44679.6698,4166379.2064,93.25,66.1358,66,268,2.6e-05,1.9e-05,7e-06,6.4e-05,2,7,0,2,1,0,0.25,0.0,64.0,0.0,16553.0,0,0,0,benign
172.30.0.100,172.30.0.13,8080,36760,6,0.000135,9,812,66693.8799,6017270.0495,90.2222,62.9387,66,268,1.7e-05,1.8e-05,5e-06,6.4e-05,2,8,0,2,1,0,0.2222,0.0,64.0,0.0,14770.22,0,0,0,benign
172.30.0.100,172.30.0.11,8080,40500,6,0.00019,8,746,42100.9184,3925910.6449,93.25,66.1358,66,268,2.7e-05,2e-05,7e-06,6.6e-05,2,7,0,2,1,0,0.25,0.0,64.0,0.0,16553.0,0,0,0,benign
172.30.0.100,172.30.0.12,8080,47032,6,0.000181,8,746,44208.7378,4122464.8011,93.25,66.1358,66,268,2.6e-05,1.8e-05,8e-06,6.4e-05,2,7,0,2,1,0,0.25,0.0,64.0,0.0,16553.0,0,0,0,benign
172.30.0.100,172.30.0.13,8080,39726,6,0.000167,8,746,47866.5221,4463553.1869,93.25,66.1358,66,268,2.4e-05,2e-05,7e-06,6.9e-05,2,7,0,2,1,0,0.25,0.0,64.0,0.0,16553.0,0,0,0,benign
172.30.0.100,172.30.0.11,8080,49984,6,0.000181,8,745,44208.7378,4116938.7088,93.125,65.8055,66,267,2.6e-05,1.9e-05,8e-06,6.7e-05,2,7,0,2,1,0,0.25,0.0,64.0,0.0,16553.0,0,0,0,benign
172.30.0.100,172.30.0.13,8080,39730,6,0.000164,8,746,48770.9767,4547893.5814,93.25,66.1358,66,268,2.3e-05,1.7e-05,7e-06,5.9e-05,2,7,0,2,1,0,0.25,0.0,64.0,0.0,16553.0,0,0,0,benign
172.30.0.100,172.30.0.12,8080,47044,6,0.000136,8,746,58867.4246,5489387.3404,93.25,66.1358,66,268,1.9e-05,1.6e-05,6e-06,5.8e-05,2,7,0,2,1,0,0.25,0.0,64.0,0.0,16553.0,0,0,0,benign
172.30.0.100,172.30.0.11,8080,49992,6,0.000182,8,746,43976.9751,4100852.9279,93.25,66.1358,66,268,2.6e-05,1.9e-05,7e-06,6.5e-05,2,7,0,2,1,0,0.25,0.0,64.0,0.0,16553.0,0,0,0,benign
172.30.0.100,172.30.0.13,8080,39270,6,0.000207,8,746,38612.6951,3600633.8136,93.25,66.1358,66,268,3e-05,2e-05,7e-06,6.8e-05,2,7,0,2,1,0,0.25,0.0,64.0,0.0,16553.0,0,0,0,benign
172.30.0.100,172.30.0.12,8080,46422,6,0.000123,9,812,73156.4651,6600338.8527,90.2222,62.9387,66,268,1.5e-05,1.5e-05,5e-06,5.4e-05,2,8,0,2,1,0,0.2222,0.0,64.0,0.0,14770.22,0,0,0,benign
172.30.0.100,172.30.0.11,8080,57890,6,0.000183,8,746,43747.6297,4079466.472,93.25,66.1358,66,268,2.6e-05,1.9e-05,7e-06,6.2e-05,2,7,0,2,1,0,0.25,0.0,64.0,0.0,16553.0,0,0,0,benign
172.30.0.100,172.30.0.13,8080,39272,6,0.000174,8,746,45964.9753,4286233.9507,93.25,66.1358,66,268,2.5e-05,1.9e-05,7e-06,6.5e-05,2,7,0,2,1,0,0.25,0.0,64.0,0.0,16553.0,0,0,0,benign
172.30.0.100,172.30.0.12,8080,46438,6,0.00018,8,746,44442.9563,4144305.6742,93.25,66.1358,66,268,2.6e-05,1.9e-05,7e-06,6.4e-05,2,7,0,2,1,0,0.25,0.0,64.0,0.0,16553.0,0,0,0,benign
172.30.0.100,172.30.0.11,8080,57906,6,0.000181,8,746,44150.5684,4117040.5053,93.25,66.1358,66,268,2.6e-05,2e-05,7e-06,6.5e-05,2,7,0,2,1,0,0.25,0.0,64.0,0.0,16553.0,0,0,0,benign
172.30.0.100,172.30.0.13,8080,53622,6,0.000175,8,746,45714.485,4262875.7275,93.25,66.1358,66,268,2.5e-05,1.8e-05,6e-06,6.2e-05,2,7,0,2,1,0,0.25,0.0,64.0,0.0,16553.0,0,0,0,benign
172.30.0.100,172.30.0.12,8080,34202,6,0.000156,8,746,51228.1405,4777024.0977,93.25,66.1358,66,268,2.2e-05,1.8e-05,7e-06,6.5e-05,2,7,0,2,1,0,0.25,0.0,64.0,0.0,16553.0,0,0,0,benign
172.30.0.100,172.30.0.11,8080,54770,6,0.000183,8,746,43690.6667,4074154.6667,93.25,66.1358,66,268,2.6e-05,1.9e-05,7e-06,6.5e-05,2,7,0,2,1,0,0.25,0.0,64.0,0.0,16553.0,0,0,0,benign
172.30.0.100,172.30.0.13,8080,53630,6,0.000167,8,746,47866.5221,4463553.1869,93.25,66.1358,66,268,2.4e-05,1.7e-05,7e-06,5.9e-05,2,7,0,2,1,0,0.25,0.0,64.0,0.0,16553.0,0,0,0,benign
172.30.0.100,172.30.0.12,8080,34204,6,0.000187,8,746,42744.4994,3985924.5656,93.25,66.1358,66,268,2.7e-05,1.8e-05,8e-06,6.1e-05,2,7,0,2,1,0,0.25,0.0,64.0,0.0,16553.0,0,0,0,benign
172.30.0.100,172.30.0.11,8080,54778,6,0.000214,8,746,37365.7372,3484354.9933,93.25,66.1358,66,268,3.1e-05,2.5e-05,7e-06,7.4e-05,2,7,0,2,1,0,0.25,0.0,64.0,0.0,16553.0,0,0,0,benign
172.30.0.100,172.30.0.13,8080,52294,6,0.000185,8,746,43240.2474,4032153.0722,93.25,66.1358,66,268,2.6e-05,1.8e-05,8e-06,6.3e-05,2,7,0,2,1,0,0.25,0.0,64.0,0.0,16553.0,0,0,0,benign
172.30.0.100,172.30.0.12,8080,39550,6,0.000181,8,746,44208.7378,4122464.8011,93.25,66.1358,66,268,2.6e-05,2e-05,6e-06,6.5e-05,2,7,0,2,1,0,0.25,0.0,64.0,0.0,16553.0,0,0,0,benign
172.30.0.100,172.30.0.11,8080,49486,6,0.000181,8,746,44208.7378,4122464.8011,93.25,66.1358,66,268,2.6e-05,1.9e-05,7e-06,6.2e-05,2,7,0,2,1,0,0.25,0.0,64.0,0.0,16553.0,0,0,0,benign
172.30.0.100,172.30.0.13,8080,52308,6,0.000187,8,745,42799.0204,3985658.7755,93.125,65.8055,66,267,2.7e-05,1.9e-05,8e-06,6.2e-05,2,7,0,2,1,0,0.25,0.0,64.0,0.0,16553.0,0,0,0,benign
172.30.0.100,172.30.0.11,8080,49494,6,0.000187,8,746,42799.0204,3991008.6531,93.25,66.1358,66,268,2.7e-05,1.8e-05,7e-06,6.2e-05,2,7,0,2,1,0,0.25,0.0,64.0,0.0,16553.0,0,0,0,benign
172.30.0.100,172.30.0.12,8080,39552,6,0.000113,9,812,79638.6835,7185179.0042,90.2222,62.9387,66,268,1.4e-05,1.4e-05,6e-06,5.1e-05,2,8,0,2,1,0,0.2222,0.0,64.0,0.0,14770.22,0,0,0,benign
172.30.0.100,172.30.0.13,8080,59762,6,0.000181,8,746,44208.7378,4122464.8011,93.25,66.1358,66,268,2.6e-05,1.8e-05,7e-06,6.1e-05,2,7,0,2,1,0,0.25,0.0,64.0,0.0,16553.0,0,0,0,benign
172.30.0.100,172.30.0.12,8080,51932,6,0.000195,8,746,41070.2962,3829805.1212,93.25,66.1358,66,268,2.8e-05,2e-05,8e-06,6.7e-05,2,7,0,2,1,0,0.25,0.0,64.0,0.0,16553.0,0,0,0,benign
172.30.0.100,172.30.0.11,8080,45566,6,0.000187,8,746,42799.0204,3991008.6531,93.25,66.1358,66,268,2.7e-05,1.9e-05,8e-06,6.4e-05,2,7,0,2,1,0,0.25,0.0,64.0,0.0,16553.0,0,0,0,benign
172.30.0.100,172.30.0.13,8080,59764,6,0.000178,8,746,44979.1314,4194304.0,93.25,66.1358,66,268,2.5e-05,1.8e-05,8e-06,6.2e-05,2,7,0,2,1,0,0.25,0.0,64.0,0.0,16553.0,0,0,0,benign
172.30.0.100,172.30.0.12,8080,51936,6,0.000182,8,746,43976.9751,4100852.9279,93.25,66.1358,66,268,2.6e-05,1.9e-05,7e-06,6.4e-05,2,7,0,2,1,0,0.25,0.0,64.0,0.0,16553.0,0,0,0,benign
172.30.0.100,172.30.0.11,8080,45572,6,0.000178,8,746,44979.1314,4194304.0,93.25,66.1358,66,268,2.5e-05,1.9e-05,7e-06,6.4e-05,2,7,0,2,1,0,0.25,0.0,64.0,0.0,16553.0,0,0,0,benign
172.30.0.100,172.30.0.13,8080,38054,6,0.000188,8,745,42581.7665,3965427.0051,93.125,65.8055,66,267,2.7e-05,1.9e-05,7e-06,6.5e-05,2,7,0,2,1,0,0.25,0.0,64.0,0.0,16553.0,0,0,0,benign
172.30.0.100,172.30.0.12,8080,49342,6,0.000179,8,745,44679.6698,4160794.2477,93.125,65.8055,66,267,2.6e-05,1.8e-05,7e-06,6.3e-05,2,7,0,2,1,0,0.25,0.0,64.0,0.0,16553.0,0,0,0,benign
172.30.0.100,172.30.0.11,8080,36770,6,0.000191,8,746,41838.4439,3901434.8928,93.25,66.1358,66,268,2.7e-05,2e-05,7e-06,6.4e-05,2,7,0,2,1,0,0.25,0.0,64.0,0.0,16553.0,0,0,0,benign
172.30.0.100,172.30.0.13,8080,38068,6,0.000181,8,746,44208.7378,4122464.8011,93.25,66.1358,66,268,2.6e-05,1.8e-05,7e-06,6.3e-05,2,7,0,2,1,0,0.25,0.0,64.0,0.0,16553.0,0,0,0,benign
172.30.0.100,172.30.0.12,8080,49350,6,0.00019,8,746,42100.9184,3925910.6449,93.25,66.1358,66,268,2.7e-05,2e-05,7e-06,6.7e-05,2,7,0,2,1,0,0.25,0.0,64.0,0.0,16553.0,0,0,0,benign
172.30.0.100,172.30.0.11,8080,43286,6,0.000193,8,746,41476.4302,3867677.1125,93.25,66.1358,66,268,2.8e-05,2.2e-05,7e-06,7.4e-05,2,7,0,2,1,0,0.25,0.0,64.0,0.0,16553.0,0,0,0,benign
172.30.0.100,172.30.0.12,8080,56286,6,0.00018,8,746,44442.9563,4144305.6742,93.25,66.1358,66,268,2.6e-05,1.9e-05,7e-06,6.5e-05,2,7,0,2,1,0,0.25,0.0,64.0,0.0,16553.0,0,0,0,benign
172.30.0.100,172.30.0.13,8080,48052,6,0.000129,8,746,62022.9797,5783642.854,93.25,66.1358,66,268,1.8e-05,1.4e-05,6e-06,5.2e-05,2,7,0,2,1,0,0.25,0.0,64.0,0.0,16553.0,0,0,0,benign
172.30.0.100,172.30.0.11,8080,43298,6,0.000197,8,745,40622.799,3782998.1598,93.125,65.8055,66,267,2.8e-05,2.1e-05,7e-06,6.8e-05,2,7,0,2,1,0,0.25,0.0,64.0,0.0,16553.0,0,0,0,benign
172.30.0.100,172.30.0.12,8080,56294,6,0.000175,8,746,45714.485,4262875.7275,93.25,66.1358,66,268,2.5e-05,1.9e-05,7e-06,6.3e-05,2,7,0,2,1,0,0.25,0.0,64.0,0.0,16553.0,0,0,0,benign
172.30.0.100,172.30.0.13,8080,48062,6,0.000152,8,746,52593.1536,4904311.5737,93.25,66.1358,66,268,2.2e-05,1.6e-05,7e-06,5.8e-05,2,7,0,2,1,0,0.25,0.0,64.0,0.0,16553.0,0,0,0,benign
172.30.0.100,172.30.0.11,8080,41640,6,0.000186,8,746,43018.5026,4011475.3641,93.25,66.1358,66,268,2.7e-05,1.9e-05,7e-06,6.4e-05,2,7,0,2,1,0,0.25,0.0,64.0,0.0,16553.0,0,0,0,benign
172.30.0.100,172.30.0.12,8080,45810,6,0.000171,8,746,46798.371,4363948.0948,93.25,66.1358,66,268,2.4e-05,1.8e-05,7e-06,6.3e-05,2,7,0,2,1,0,0.25,0.0,64.0,0.0,16553.0,0,0,0,benign
172.30.0.100,172.30.0.13,8080,50016,6,0.00011,8,746,72786.1866,6787311.8959,93.25,66.1358,66,268,1.6e-05,1.3e-05,9e-06,4.8e-05,2,7,0,2,1,0,0.25,0.0,64.0,0.0,16553.0,0,0,0,benign
172.30.0.100,172.30.0.12,8080,45816,6,0.000189,8,746,42313.2812,3945713.4729,93.25,66.1358,66,268,2.7e-05,2e-05,7e-06,6.5e-05,2,7,0,2,1,0,0.25,0.0,64.0,0.0,16553.0,0,0,0,benign
172.30.0.100,172.30.0.11,8080,41650,6,0.000109,8,746,73423.2648,6846719.4398,93.25,66.1358,66,268,1.6e-05,1.4e-05,6e-06,4.9e-05,2,7,0,2,1,0,0.25,0.0,64.0,0.0,16553.0,0,0,0,benign
172.30.0.100,172.30.0.13,8080,50030,6,0.000163,8,746,49056.1871,4574489.4503,93.25,66.1358,66,268,2.3e-05,1.7e-05,7e-06,6e-05,2,7,0,2,1,0,0.25,0.0,64.0,0.0,16553.0,0,0,0,benign
172.30.0.100,172.30.0.12,8080,45832,6,0.000201,8,746,39803.5967,3711685.3903,93.25,66.1358,66,268,2.9e-05,1.9e-05,7e-06,6.5e-05,2,7,0,2,1,0,0.25,0.0,64.0,0.0,16553.0,0,0,0,benign
172.30.0.100,172.30.0.11,8080,40898,6,0.000176,8,745,45466.71,4234087.3713,93.125,65.8055,66,267,2.5e-05,1.9e-05,7e-06,6.3e-05,2,7,0,2,1,0,0.25,0.0,64.0,0.0,16553.0,0,0,0,benign
172.30.0.100,172.30.0.13,8080,35162,6,0.000136,8,746,58867.4246,5489387.3404,93.25,66.1358,66,268,1.9e-05,1.5e-05,9e-06,5.5e-05,2,7,0,2,1,0,0.25,0.0,64.0,0.0,16553.0,0,0,0,benign
172.30.0.100,172.30.0.13,8080,35170,6,0.000205,8,746,39016.7814,3638314.8651,93.25,66.1358,66,268,2.9e-05,2.3e-05,7e-06,6.5e-05,2,7,0,2,1,0,0.25,0.0,64.0,0.0,16553.0,0,0,0,benign
172.30.0.100,172.30.0.11,8080,40906,6,0.00018,8,745,44442.9563,4138750.3046,93.125,65.8055,66,267,2.6e-05,1.9e-05,7e-06,6.5e-05,2,7,0,2,1,0,0.25,0.0,64.0,0.0,16553.0,0,0,0,benign
172.30.0.100,172.30.0.12,8080,39618,6,0.00017,8,745,47060.9144,4382547.6578,93.125,65.8055,66,267,2.4e-05,1.8e-05,8e-06,6.3e-05,2,7,0,2,1,0,0.25,0.0,64.0,0.0,16553.0,0,0,0,benign
172.30.0.100,172.30.0.13,8080,35176,6,0.000186,8,745,43018.5026,4006098.0513,93.125,65.8055,66,267,2.7e-05,1.9e-05,7e-06,6.2e-05,2,7,0,2,1,0,0.25,0.0,64.0,0.0,16553.0,0,0,0,benign
172.30.0.100,172.30.0.11,8080,37600,6,0.000181,8,746,44208.7378,4122464.8011,93.25,66.1358,66,268,2.6e-05,2e-05,6e-06,6.6e-05,2,7,0,2,1,0,0.25,0.0,64.0,0.0,16553.0,0,0,0,benign
172.30.0.100,172.30.0.12,8080,43470,6,0.000125,8,746,64035.1756,5971280.1221,93.25,66.1358,66,268,1.8e-05,1.6e-05,9e-06,5.6e-05,2,7,0,2,1,0,0.25,0.0,64.0,0.0,16553.0,0,0,0,benign
172.30.0.100,172.30.0.13,8080,43044,6,0.000183,8,745,43690.6667,4068693.3333,93.125,65.8055,66,267,2.6e-05,1.9e-05,8e-06,6.3e-05,2,7,0,2,1,0,0.25,0.0,64.0,0.0,16553.0,0,0,0,benign
172.30.0.100,172.30.0.12,8080,43472,6,0.000164,8,746,48770.9767,4547893.5814,93.25,66.1358,66,268,2.3e-05,1.7e-05,7e-06,6.3e-05,2,7,0,2,1,0,0.25,0.0,64.0,0.0,16553.0,0,0,0,benign
172.30.0.100,172.30.0.11,8080,37612,6,0.000202,8,746,39615.6222,3694156.7698,93.25,66.1358,66,268,2.9e-05,2e-05,7e-06,6.7e-05,2,7,0,2,1,0,0.25,0.0,64.0,0.0,16553.0,0,0,0,benign
172.30.0.100,172.30.0.13,8080,45900,6,0.000206,8,746,38836.1481,3621470.8148,93.25,66.1358,66,268,2.9e-05,2.3e-05,7e-06,7.4e-05,2,7,0,2,1,0,0.25,0.0,64.0,0.0,16553.0,0,0,0,benign
172.30.0.100,172.30.0.12,8080,57584,6,283.987523,16,1492,0.0563,5.2538,93.25,66.1358,66,268,18.932502,70.838843,7e-06,283.987182,4,14,0,4,2,0,0.25,0.0,64.0,0.0,16553.0,0,0,0,benign
172.30.0.100,172.30.0.11,8080,55458,6,0.00019,8,746,42100.9184,3925910.6449,93.25,66.1358,66,268,2.7e-05,2e-05,7e-06,7e-05,2,7,0,2,1,0,0.25,0.0,64.0,0.0,16553.0,0,0,0,benign
172.30.0.100,172.30.0.13,8080,45906,6,0.000179,8,746,44679.6698,4166379.2064,93.25,66.1358,66,268,2.6e-05,1.8e-05,7e-06,6.2e-05,2,7,0,2,1,0,0.25,0.0,64.0,0.0,16553.0,0,0,0,benign
172.30.0.100,172.30.0.12,8080,57600,6,284.905384,16,1491,0.0562,5.2333,93.1875,65.9708,66,268,18.993692,71.067643,7e-06,284.904465,4,14,0,4,2,0,0.25,0.0,64.0,0.0,16553.0,0,0,0,benign
172.30.0.100,172.30.0.11,8080,55472,6,0.000184,8,746,43464.2902,4053045.057,93.25,66.1358,66,268,2.6e-05,1.9e-05,8e-06,6.5e-05,2,7,0,2,1,0,0.25,0.0,64.0,0.0,16553.0,0,0,0,benign
172.30.0.100,172.30.0.13,8080,45912,6,0.000198,8,745,40427.0265,3764766.8434,93.125,65.8055,66,267,2.8e-05,2.2e-05,9e-06,7.9e-05,2,7,0,2,1,0,0.25,0.0,64.0,0.0,16553.0,0,0,0,benign
172.30.0.100,172.30.0.12,8080,57616,6,0.000142,8,746,56299.3826,5249917.4228,93.25,66.1358,66,268,2e-05,1.5e-05,7e-06,5.6e-05,2,7,0,2,1,0,0.25,0.0,64.0,0.0,16553.0,0,0,0,benign
172.30.0.100,172.30.0.11,8080,35500,6,0.000151,8,746,53008.5814,4943050.2117,93.25,66.1358,66,268,2.2e-05,1.6e-05,7e-06,5.9e-05,2,7,0,2,1,0,0.25,0.0,64.0,0.0,16553.0,0,0,0,benign
172.30.0.100,172.30.0.13,8080,54720,6,0.000196,8,746,40770.8773,3801884.3062,93.25,66.1358,66,268,2.8e-05,2.1e-05,1e-05,7.6e-05,2,7,0,2,1,0,0.25,0.0,64.0,0.0,16553.0,0,0,0,benign
172.30.0.100,172.30.0.12,8080,46200,6,0.000178,8,746,44918.9183,4188689.1352,93.25,66.1358,66,268,2.5e-05,1.8e-05,7e-06,6.3e-05,2,7,0,2,1,0,0.25,0.0,64.0,0.0,16553.0,0,0,0,benign
172.30.0.100,172.30.0.11,8080,35510,6,0.000222,8,746,36041.2803,3360849.3921,93.25,66.1358,66,268,3.2e-05,2.3e-05,1e-05,8.3e-05,2,7,0,2,1,0,0.25,0.0,64.0,0.0,16553.0,0,0,0,benign
172.30.0.100,172.30.0.13,8080,54736,6,0.000204,8,746,39199.1028,3655316.3364,93.25,66.1358,66,268,2.9e-05,2.2e-05,9e-06,7.9e-05,2,7,0,2,1,0,0.25,0.0,64.0,0.0,16553.0,0,0,0,benign
172.30.0.100,172.30.0.12,8080,37372,6,0.000178,8,746,44918.9183,4188689.1352,93.25,66.1358,66,268,2.5e-05,1.9e-05,7e-06,6.4e-05,2,7,0,2,1,0,0.25,0.0,64.0,0.0,16553.0,0,0,0,benign
172.30.0.100,172.30.0.11,8080,44360,6,0.000245,8,746,32672.2804,3046690.15,93.25,66.1358,66,268,3.5e-05,2.3e-05,9e-06,8.2e-05,2,7,0,2,1,0,0.25,0.0,64.0,0.0,16553.0,0,0,0,benign
172.30.0.100,172.30.0.13,8080,41848,6,0.000186,8,745,43018.5026,4006098.0513,93.125,65.8055,66,267,2.7e-05,2.1e-05,1e-05,7.7e-05,2,7,0,2,1,0,0.25,0.0,64.0,0.0,16553.0,0,0,0,benign
172.30.0.100,172.30.0.12,8080,37380,6,0.000179,8,746,44739.2427,4171934.3787,93.25,66.1358,66,268,2.6e-05,1.8e-05,8e-06,6.1e-05,2,7,0,2,1,0,0.25,0.0,64.0,0.0,16553.0,0,0,0,benign
172.30.0.100,172.30.0.11,8080,44366,6,0.000187,8,746,42799.0204,3991008.6531,93.25,66.1358,66,268,2.7e-05,2e-05,8e-06,7.4e-05,2,7,0,2,1,0,0.25,0.0,64.0,0.0,16553.0,0,0,0,benign
172.30.0.100,172.30.0.13,8080,41852,6,0.000201,8,746,39803.5967,3711685.3903,93.25,66.1358,66,268,2.9e-05,2e-05,8e-06,6.4e-05,2,7,0,2,1,0,0.25,0.0,64.0,0.0,16553.0,0,0,0,benign
172.30.0.100,172.30.0.12,8080,51784,6,0.000182,8,746,43919.4136,4095485.3194,93.25,66.1358,66,268,2.6e-05,1.8e-05,7e-06,6.2e-05,2,7,0,2,1,0,0.25,0.0,64.0,0.0,16553.0,0,0,0,benign
172.30.0.100,172.30.0.11,8080,52880,6,0.000222,8,745,36041.2803,3356344.232,93.125,65.8055,66,267,3.2e-05,2.1e-05,1.2e-05,7.9e-05,2,7,0,2,1,0,0.25,0.0,64.0,0.0,16553.0,0,0,0,benign
172.30.0.100,172.30.0.13,8080,46716,6,0.000138,8,746,57952.3869,5404060.076,93.25,66.1358,66,268,2e-05,1.5e-05,6e-06,5.6e-05,2,7,0,2,1,0,0.25,0.0,64.0,0.0,16553.0,0,0,0,benign
172.30.0.100,172.30.0.12,8080,51790,6,0.00018,8,746,44442.9563,4144305.6742,93.25,66.1358,66,268,2.6e-05,1.9e-05,6e-06,6.4e-05,2,7,0,2,1,0,0.25,0.0,64.0,0.0,16553.0,0,0,0,benign
172.30.0.100,172.30.0.11,8080,52886,6,0.000173,8,746,46281.9752,4315794.1848,93.25,66.1358,66,268,2.5e-05,2e-05,1.2e-05,7.2e-05,2,7,0,2,1,0,0.25,0.0,64.0,0.0,16553.0,0,0,0,benign
172.30.0.100,172.30.0.13,8080,46718,6,0.000217,8,746,36832.5269,3434633.1328,93.25,66.1358,66,268,3.1e-05,2.5e-05,7e-06,7.6e-05,2,7,0,2,1,0,0.25,0.0,64.0,0.0,16553.0,0,0,0,benign
172.30.0.100,172.30.0.12,8080,37982,6,0.000216,8,746,37035.7969,3453588.0618,93.25,66.1358,66,268,3.1e-05,2.4e-05,7e-06,7.9e-05,2,7,0,2,1,0,0.25,0.0,64.0,0.0,16553.0,0,0,0,benign
172.30.0.100,172.30.0.11,8080,60574,6,0.000221,8,746,36196.7983,3375351.4391,93.25,66.1358,66,268,3.2e-05,2.4e-05,9e-06,8.7e-05,2,7,0,2,1,0,0.25,0.0,64.0,0.0,16553.0,0,0,0,benign
172.30.0.100,172.30.0.13,8080,52198,6,0.00017,8,745,46995.0028,4376409.6359,93.125,65.8055,66,267,2.4e-05,1.7e-05,7e-06,6.1e-05,2,7,0,2,1,0,0.25,0.0,64.0,0.0,16553.0,0,0,0,benign
172.30.0.100,172.30.0.12,8080,37994,6,0.000173,8,746,46281.9752,4315794.1848,93.25,66.1358,66,268,2.5e-05,1.8e-05,7e-06,6.3e-05,2,7,0,2,1,0,0.25,0.0,64.0,0.0,16553.0,0,0,0,benign
172.30.0.100,172.30.0.11,8080,60584,6,0.000241,8,746,33189.3492,3094906.8091,93.25,66.1358,66,268,3.4e-05,2.3e-05,9e-06,8e-05,2,7,0,2,1,0,0.25,0.0,64.0,0.0,16553.0,0,0,0,benign
172.30.0.100,172.30.0.13,8080,52208,6,0.000141,8,746,56775.6887,5294332.9679,93.25,66.1358,66,268,2e-05,1.5e-05,7e-06,5.6e-05,2,7,0,2,1,0,0.25,0.0,64.0,0.0,16553.0,0,0,0,benign
172.30.0.100,172.30.0.11,8080,58976,6,0.000234,8,746,34204.314,3189552.2773,93.25,66.1358,66,268,3.3e-05,2.4e-05,1e-05,8.1e-05,2,7,0,2,1,0,0.25,0.0,64.0,0.0,16553.0,0,0,0,benign
172.30.0.100,172.30.0.12,8080,41118,6,0.000157,9,811,57281.8452,5161730.7193,90.1111,62.6249,66,267,2e-05,2.1e-05,7e-06,7.4e-05,2,8,0,2,1,0,0.2222,0.0,64.0,0.0,14770.22,0,0,0,benign
172.30.0.100,172.30.0.13,8080,52602,6,0.000177,8,746,45160.7429,4211239.2786,93.25,66.1358,66,268,2.5e-05,1.8e-05,7e-06,6.2e-05,2,7,0,2,1,0,0.25,0.0,64.0,0.0,16553.0,0,0,0,benign
172.30.0.100,172.30.0.11,8080,58978,6,0.000238,8,746,33621.6754,3135221.2265,93.25,66.1358,66,268,3.4e-05,2.3e-05,1e-05,7.8e-05,2,7,0,2,1,0,0.25,0.0,64.0,0.0,16553.0,0,0,0,benign
172.30.0.100,172.30.0.12,8080,41120,6,0.000135,8,746,59283.4488,5528181.5972,93.25,66.1358,66,268,1.9e-05,1.7e-05,9e-06,5.9e-05,2,7,0,2,1,0,0.25,0.0,64.0,0.0,16553.0,0,0,0,benign
172.30.0.100,172.30.0.13,8080,52608,6,0.000157,8,746,50994.5775,4755244.3526,93.25,66.1358,66,268,2.2e-05,1.6e-05,7e-06,5.7e-05,2,7,0,2,1,0,0.25,0.0,64.0,0.0,16553.0,0,0,0,benign
172.30.0.100,172.30.0.12,8080,41740,6,0.000176,8,746,45466.71,4239770.71,93.25,66.1358,66,268,2.5e-05,1.8e-05,7e-06,6.2e-05,2,7,0,2,1,0,0.25,0.0,64.0,0.0,16553.0,0,0,0,benign
172.30.0.100,172.30.0.11,8080,59670,6,0.000209,8,746,38260.4698,3567788.8073,93.25,66.1358,66,268,3e-05,2.2e-05,9e-06,7.9e-05,2,7,0,2,1,0,0.25,0.0,64.0,0.0,16553.0,0,0,0,benign
172.30.0.100,172.30.0.13,8080,36880,6,0.00014,8,746,57162.5758,5330410.1942,93.25,66.1358,66,268,2e-05,1.7e-05,3e-06,5.8e-05,2,7,0,2,1,0,0.25,0.0,64.0,0.0,16553.0,0,0,0,benign
172.30.0.100,172.30.0.12,8080,41748,6,0.000181,8,746,44208.7378,4122464.8011,93.25,66.1358,66,268,2.6e-05,1.9e-05,7e-06,6.5e-05,2,7,0,2,1,0,0.25,0.0,64.0,0.0,16553.0,0,0,0,benign
172.30.0.100,172.30.0.13,8080,36888,6,0.000175,8,746,45714.485,4262875.7275,93.25,66.1358,66,268,2.5e-05,1.7e-05,8e-06,6.1e-05,2,7,0,2,1,0,0.25,0.0,64.0,0.0,16553.0,0,0,0,benign
172.30.0.100,172.30.0.11,8080,59680,6,0.000202,8,746,39615.6222,3694156.7698,93.25,66.1358,66,268,2.9e-05,2e-05,9e-06,7.3e-05,2,7,0,2,1,0,0.25,0.0,64.0,0.0,16553.0,0,0,0,benign
172.30.0.100,172.30.0.12,8080,59654,6,0.000162,8,746,49344.7529,4601398.2118,93.25,66.1358,66,268,2.3e-05,1.9e-05,6e-06,6.3e-05,2,7,0,2,1,0,0.25,0.0,64.0,0.0,16553.0,0,0,0,benign
172.30.0.100,172.30.0.13,8080,45922,6,0.000123,8,745,65027.969,6055729.6124,93.125,65.8055,66,267,1.8e-05,1.4e-05,8e-06,5e-05,2,7,0,2,1,0,0.25,0.0,64.0,0.0,16553.0,0,0,0,benign
172.30.0.100,172.30.0.11,8080,58520,6,0.000167,8,746,47934.9029,4469929.6914,93.25,66.1358,66,268,2.4e-05,1.9e-05,6e-06,6.2e-05,2,7,0,2,1,0,0.25,0.0,64.0,0.0,16553.0,0,0,0,benign
172.30.0.100,172.30.0.13,8080,45928,6,0.000164,8,746,48770.9767,4547893.5814,93.25,66.1358,66,268,2.3e-05,1.7e-05,6e-06,5.8e-05,2,7,0,2,1,0,0.25,0.0,64.0,0.0,16553.0,0,0,0,benign
172.30.0.100,172.30.0.12,8080,59668,6,0.000167,8,745,47934.9029,4463937.8286,93.125,65.8055,66,267,2.4e-05,1.9e-05,6e-06,6.2e-05,2,7,0,2,1,0,0.25,0.0,64.0,0.0,16553.0,0,0,0,benign
172.30.0.100,172.30.0.11,8080,58526,6,0.000171,8,746,46798.371,4363948.0948,93.25,66.1358,66,268,2.4e-05,1.9e-05,6e-06,6.1e-05,2,7,0,2,1,0,0.25,0.0,64.0,0.0,16553.0,0,0,0,benign
172.30.0.100,172.30.0.13,8080,47166,6,0.000168,8,746,47594.939,4438228.0624,93.25,66.1358,66,268,2.4e-05,1.8e-05,6e-06,6.2e-05,2,7,0,2,1,0,0.25,0.0,64.0,0.0,16553.0,0,0,0,benign
172.30.0.100,172.30.0.12,8080,34130,6,0.000173,8,746,46218.2259,4309849.5647,93.25,66.1358,66,268,2.5e-05,1.7e-05,7e-06,5.8e-05,2,7,0,2,1,0,0.25,0.0,64.0,0.0,16553.0,0,0,0,benign
172.30.0.100,172.30.0.11,8080,52470,6,0.000146,8,746,54827.5033,5112664.6797,93.25,66.1358,66,268,2.1e-05,1.6e-05,6e-06,5.8e-05,2,7,0,2,1,0,0.25,0.0,64.0,0.0,16553.0,0,0,0,benign
172.30.0.100,172.30.0.13,8080,47168,6,0.000179,8,745,44739.2427,4166341.9733,93.125,65.8055,66,267,2.6e-05,2e-05,6e-06,6.3e-05,2,7,0,2,1,0,0.25,0.0,64.0,0.0,16553.0,0,0,0,benign
172.30.0.100,172.30.0.12,8080,34132,6,0.000165,8,745,48489.0636,4515544.0462,93.125,65.8055,66,267,2.4e-05,1.8e-05,6e-06,6.1e-05,2,7,0,2,1,0,0.25,0.0,64.0,0.0,16553.0,0,0,0,benign
172.30.0.100,172.30.0.11,8080,52484,6,0.000153,8,746,52265.4704,4873755.1153,93.25,66.1358,66,268,2.2e-05,1.7e-05,6e-06,5.9e-05,2,7,0,2,1,0,0.25,0.0,64.0,0.0,16553.0,0,0,0,benign
172.30.0.100,172.30.0.13,8080,58106,6,0.000172,8,746,46538.7406,4339737.5645,93.25,66.1358,66,268,2.5e-05,1.7e-05,9e-06,5.9e-05,2,7,0,2,1,0,0.25,0.0,64.0,0.0,16553.0,0,0,0,benign
172.30.0.100,172.30.0.12,8080,54698,6,0.000158,8,746,50686.4532,4726511.7583,93.25,66.1358,66,268,2.3e-05,1.7e-05,6e-06,5.8e-05,2,7,0,2,1,0,0.25,0.0,64.0,0.0,16553.0,0,0,0,benign
172.30.0.100,172.30.0.11,8080,46054,6,0.000195,8,746,41020.088,3825123.2078,93.25,66.1358,66,268,2.8e-05,2.3e-05,7e-06,6.8e-05,2,7,0,2,1,0,0.25,0.0,64.0,0.0,16553.0,0,0,0,benign
172.30.0.100,172.30.0.13,8080,58110,6,0.000164,8,746,48841.968,4554513.5138,93.25,66.1358,66,268,2.3e-05,1.8e-05,7e-06,5.9e-05,2,7,0,2,1,0,0.25,0.0,64.0,0.0,16553.0,0,0,0,benign
172.30.0.100,172.30.0.12,8080,54714,6,0.000177,8,746,45221.6065,4216914.8032,93.25,66.1358,66,268,2.5e-05,1.8e-05,8e-06,6.4e-05,2,7,0,2,1,0,0.25,0.0,64.0,0.0,16553.0,0,0,0,benign
172.30.0.100,172.30.0.11,8080,46056,6,0.000138,8,746,57952.3869,5404060.076,93.25,66.1358,66,268,2e-05,1.5e-05,7e-06,5.6e-05,2,7,0,2,1,0,0.25,0.0,64.0,0.0,16553.0,0,0,0,benign
172.30.0.100,172.30.0.13,8080,57162,6,0.000216,8,744,37035.7969,3444329.1126,93.0,65.4752,66,266,3.1e-05,2.1e-05,1.1e-05,6.6e-05,2,7,0,2,1,0,0.25,0.0,64.0,0.0,16553.0,0,0,0,benign
172.30.0.100,172.30.0.12,8080,42898,6,0.000177,8,746,45221.6065,4216914.8032,93.25,66.1358,66,268,2.5e-05,1.9e-05,6e-06,5.9e-05,2,7,0,2,1,0,0.25,0.0,64.0,0.0,16553.0,0,0,0,benign
172.30.0.100,172.30.0.11,8080,33044,6,0.000173,8,746,46281.9752,4315794.1848,93.25,66.1358,66,268,2.5e-05,1.7e-05,7e-06,5.9e-05,2,7,0,2,1,0,0.25,0.0,64.0,0.0,16553.0,0,0,0,benign
172.30.0.100,172.30.0.13,8080,57166,6,0.000189,8,745,42313.2812,3940424.3127,93.125,65.8055,66,267,2.7e-05,2.1e-05,6e-06,6e-05,2,7,0,2,1,0,0.25,0.0,64.0,0.0,16553.0,0,0,0,benign
172.30.0.100,172.30.0.11,8080,33058,6,0.000162,8,746,49417.4256,4608174.9396,93.25,66.1358,66,268,2.3e-05,1.8e-05,6e-06,5.8e-05,2,7,0,2,1,0,0.25,0.0,64.0,0.0,16553.0,0,0,0,benign
172.30.0.100,172.30.0.12,8080,42900,6,0.000155,8,746,51622.2031,4813770.4369,93.25,66.1358,66,268,2.2e-05,1.7e-05,6e-06,5.9e-05,2,7,0,2,1,0,0.25,0.0,64.0,0.0,16553.0,0,0,0,benign
172.30.0.100,172.30.0.13,8080,36516,6,0.000181,8,746,44208.7378,4122464.8011,93.25,66.1358,66,268,2.6e-05,2.1e-05,7e-06,7.3e-05,2,7,0,2,1,0,0.25,0.0,64.0,0.0,16553.0,0,0,0,benign
172.30.0.100,172.30.0.11,8080,51656,6,0.000166,8,745,48210.3908,4489592.6437,93.125,65.8055,66,267,2.4e-05,1.8e-05,6e-06,6.2e-05,2,7,0,2,1,0,0.25,0.0,64.0,0.0,16553.0,0,0,0,benign
172.30.0.100,172.30.0.12,8080,39036,6,0.000154,8,744,51941.8452,4830591.6037,93.0,65.4752,66,266,2.2e-05,1.7e-05,6e-06,6.1e-05,2,7,0,2,1,0,0.25,0.0,64.0,0.0,16553.0,0,0,0,benign
172.30.0.100,172.30.0.13,8080,36522,6,0.000187,8,746,42799.0204,3991008.6531,93.25,66.1358,66,268,2.7e-05,2e-05,7e-06,6.6e-05,2,7,0,2,1,0,0.25,0.0,64.0,0.0,16553.0,0,0,0,benign
172.30.0.100,172.30.0.11,8080,51666,6,0.000161,8,746,49710.2696,4635482.643,93.25,66.1358,66,268,2.3e-05,1.7e-05,7e-06,6.2e-05,2,7,0,2,1,0,0.25,0.0,64.0,0.0,16553.0,0,0,0,benign
172.30.0.100,172.30.0.12,8080,39050,6,0.000134,8,746,59705.395,5567528.0854,93.25,66.1358,66,268,1.9e-05,1.6e-05,9e-06,5.7e-05,2,7,0,2,1,0,0.25,0.0,64.0,0.0,16553.0,0,0,0,benign
172.30.0.100,172.30.0.13,8080,47818,6,0.000167,8,746,47934.9029,4469929.6914,93.25,66.1358,66,268,2.4e-05,1.8e-05,7e-06,5.8e-05,2,7,0,2,1,0,0.25,0.0,64.0,0.0,16553.0,0,0,0,benign
172.30.0.100,172.30.0.11,8080,60772,6,0.000175,8,746,45714.485,4262875.7275,93.25,66.1358,66,268,2.5e-05,1.9e-05,6e-06,6.2e-05,2,7,0,2,1,0,0.25,0.0,64.0,0.0,16553.0,0,0,0,benign
172.30.0.100,172.30.0.12,8080,33610,6,0.000154,8,746,51941.8452,4843577.065,93.25,66.1358,66,268,2.2e-05,1.7e-05,6e-06,6e-05,2,7,0,2,1,0,0.25,0.0,64.0,0.0,16553.0,0,0,0,benign
172.30.0.100,172.30.0.13,8080,47822,6,0.000174,8,746,45964.9753,4286233.9507,93.25,66.1358,66,268,2.5e-05,1.8e-05,7e-06,6.2e-05,2,7,0,2,1,0,0.25,0.0,64.0,0.0,16553.0,0,0,0,benign
172.30.0.100,172.30.0.12,8080,33624,6,0.00016,8,746,50006.6051,4663115.9225,93.25,66.1358,66,268,2.3e-05,1.7e-05,7e-06,6.2e-05,2,7,0,2,1,0,0.25,0.0,64.0,0.0,16553.0,0,0,0,benign
172.30.0.100,172.30.0.11,8080,60788,6,0.000138,9,812,65196.4352,5882167.2677,90.2222,62.9387,66,268,1.7e-05,1.7e-05,2e-06,5.4e-05,2,8,0,2,1,0,0.2222,0.0,64.0,0.0,14770.22,0,0,0,benign
172.30.0.100,172.30.0.13,8080,43646,6,0.000166,8,746,48141.2224,4489168.9871,93.25,66.1358,66,268,2.4e-05,1.8e-05,7e-06,6.1e-05,2,7,0,2,1,0,0.25,0.0,64.0,0.0,16553.0,0,0,0,benign
172.30.0.100,172.30.0.12,8080,53378,6,0.000199,8,746,40184.9485,3747246.4479,93.25,66.1358,66,268,2.8e-05,2e-05,7e-06,6.8e-05,2,7,0,2,1,0,0.25,0.0,64.0,0.0,16553.0,0,0,0,benign
172.30.0.100,172.30.0.11,8080,49052,6,0.000172,8,746,46538.7406,4339737.5645,93.25,66.1358,66,268,2.5e-05,1.8e-05,7e-06,6.2e-05,2,7,0,2,1,0,0.25,0.0,64.0,0.0,16553.0,0,0,0,benign
172.30.0.100,172.30.0.13,8080,43650,6,0.000175,8,745,45714.485,4257161.4169,93.125,65.8055,66,267,2.5e-05,1.8e-05,7e-06,6.2e-05,2,7,0,2,1,0,0.25,0.0,64.0,0.0,16553.0,0,0,0,benign
172.30.0.100,172.30.0.12,8080,53380,6,0.000157,8,746,50917.1958,4748028.5038,93.25,66.1358,66,268,2.2e-05,1.7e-05,7e-06,6.1e-05,2,7,0,2,1,0,0.25,0.0,64.0,0.0,16553.0,0,0,0,benign
172.30.0.100,172.30.0.11,8080,49054,6,0.00019,8,746,42100.9184,3925910.6449,93.25,66.1358,66,268,2.7e-05,2.1e-05,8e-06,7.2e-05,2,7,0,2,1,0,0.25,0.0,64.0,0.0,16553.0,0,0,0,benign
172.30.0.100,172.30.0.13,8080,44236,6,0.000206,8,746,38836.1481,3621470.8148,93.25,66.1358,66,268,2.9e-05,2.3e-05,7e-06,6.8e-05,2,7,0,2,1,0,0.25,0.0,64.0,0.0,16553.0,0,0,0,benign
172.30.0.100,172.30.0.12,8080,39300,6,0.000162,8,746,49417.4256,4608174.9396,93.25,66.1358,66,268,2.3e-05,1.8e-05,7e-06,5.9e-05,2,7,0,2,1,0,0.25,0.0,64.0,0.0,16553.0,0,0,0,benign
172.30.0.100,172.30.0.11,8080,38638,6,0.000184,8,745,43464.2902,4047612.0207,93.125,65.8055,66,267,2.6e-05,2e-05,7e-06,6.6e-05,2,7,0,2,1,0,0.25,0.0,64.0,0.0,16553.0,0,0,0,benign
172.30.0.100,172.30.0.13,8080,44242,6,0.00017,8,746,47060.9144,4388430.2721,93.25,66.1358,66,268,2.4e-05,1.8e-05,6e-06,6.1e-05,2,7,0,2,1,0,0.25,0.0,64.0,0.0,16553.0,0,0,0,benign
172.30.0.100,172.30.0.12,8080,39306,6,0.000157,8,746,50994.5775,4755244.3526,93.25,66.1358,66,268,2.2e-05,1.8e-05,5e-06,6.1e-05,2,7,0,2,1,0,0.25,0.0,64.0,0.0,16553.0,0,0,0,benign
172.30.0.100,172.30.0.11,8080,36656,6,0.00019,8,745,42100.9184,3920648.0301,93.125,65.8055,66,267,2.7e-05,2.2e-05,6e-06,6.2e-05,2,7,0,2,1,0,0.25,0.0,64.0,0.0,16553.0,0,0,0,benign
172.30.0.100,172.30.0.12,8080,36624,6,0.000168,8,746,47594.939,4438228.0624,93.25,66.1358,66,268,2.4e-05,1.8e-05,7e-06,6.2e-05,2,7,0,2,1,0,0.25,0.0,64.0,0.0,16553.0,0,0,0,benign
172.30.0.100,172.30.0.13,8080,59772,6,0.000164,8,746,48770.9767,4547893.5814,93.25,66.1358,66,268,2.3e-05,2.4e-05,6e-06,8.1e-05,2,7,0,2,1,0,0.25,0.0,64.0,0.0,16553.0,0,0,0,benign
172.30.0.100,172.30.0.11,8080,36664,6,0.00021,8,745,38086.756,3546829.1487,93.125,65.8055,66,267,3e-05,2.2e-05,9e-06,7.8e-05,2,7,0,2,1,0,0.25,0.0,64.0,0.0,16553.0,0,0,0,benign
172.30.0.100,172.30.0.12,8080,36634,6,0.000194,8,746,41272.3641,3848647.9508,93.25,66.1358,66,268,2.8e-05,1.9e-05,8e-06,6.4e-05,2,7,0,2,1,0,0.25,0.0,64.0,0.0,16553.0,0,0,0,benign
172.30.0.100,172.30.0.11,8080,36666,6,0.000238,8,746,33621.6754,3135221.2265,93.25,66.1358,66,268,3.4e-05,2.5e-05,1e-05,8.3e-05,2,7,0,2,1,0,0.25,0.0,64.0,0.0,16553.0,0,0,0,benign
172.30.0.100,172.30.0.13,8080,59780,6,0.000162,8,745,49344.7529,4595230.1176,93.125,65.8055,66,267,2.3e-05,1.8e-05,7e-06,6.5e-05,2,7,0,2,1,0,0.25,0.0,64.0,0.0,16553.0,0,0,0,benign
172.30.0.100,172.30.0.12,8080,47604,6,0.000175,8,746,45714.485,4262875.7275,93.25,66.1358,66,268,2.5e-05,1.9e-05,7e-06,6.5e-05,2,7,0,2,1,0,0.25,0.0,64.0,0.0,16553.0,0,0,0,benign
172.30.0.100,172.30.0.13,8080,57494,6,0.000172,8,746,46538.7406,4339737.5645,93.25,66.1358,66,268,2.5e-05,1.8e-05,8e-06,6e-05,2,7,0,2,1,0,0.25,0.0,64.0,0.0,16553.0,0,0,0,benign
172.30.0.100,172.30.0.11,8080,45194,6,0.000225,8,745,35544.9492,3310123.3898,93.125,65.8055,66,267,3.2e-05,2.2e-05,1.1e-05,7.6e-05,2,7,0,2,1,0,0.25,0.0,64.0,0.0,16553.0,0,0,0,benign
172.30.0.100,172.30.0.12,8080,47610,6,0.000187,8,746,42744.4994,3985924.5656,93.25,66.1358,66,268,2.7e-05,2.1e-05,6e-06,7.4e-05,2,7,0,2,1,0,0.25,0.0,64.0,0.0,16553.0,0,0,0,benign
172.30.0.100,172.30.0.13,8080,57504,6,0.000156,8,746,51228.1405,4777024.0977,93.25,66.1358,66,268,2.2e-05,1.7e-05,7e-06,5.9e-05,2,7,0,2,1,0,0.25,0.0,64.0,0.0,16553.0,0,0,0,benign
172.30.0.100,172.30.0.11,8080,45202,6,0.000146,8,745,54738.062,5097482.0228,93.125,65.8055,66,267,2.1e-05,1.7e-05,6e-06,5.9e-05,2,7,0,2,1,0,0.25,0.0,64.0,0.0,16553.0,0,0,0,benign
172.30.0.100,172.30.0.12,8080,40894,6,0.000165,8,746,48489.0636,4521605.1792,93.25,66.1358,66,268,2.4e-05,1.8e-05,6e-06,6.2e-05,2,7,0,2,1,0,0.25,0.0,64.0,0.0,16553.0,0,0,0,benign
172.30.0.100,172.30.0.13,8080,33290,6,0.000194,8,746,41221.6609,3843919.8821,93.25,66.1358,66,268,2.8e-05,2.1e-05,7e-06,6.4e-05,2,7,0,2,1,0,0.25,0.0,64.0,0.0,16553.0,0,0,0,benign
172.30.0.100,172.30.0.11,8080,58790,6,0.000181,8,746,44208.7378,4122464.8011,93.25,66.1358,66,268,2.6e-05,1.9e-05,8e-06,6.4e-05,2,7,0,2,1,0,0.25,0.0,64.0,0.0,16553.0,0,0,0,benign
172.30.0.100,172.30.0.12,8080,40908,6,0.000185,8,746,43240.2474,4032153.0722,93.25,66.1358,66,268,2.6e-05,2.1e-05,7e-06,7.2e-05,2,7,0,2,1,0,0.25,0.0,64.0,0.0,16553.0,0,0,0,benign
172.30.0.100,172.30.0.13,8080,33306,6,0.000178,8,746,44979.1314,4194304.0,93.25,66.1358,66,268,2.5e-05,1.9e-05,7e-06,6.4e-05,2,7,0,2,1,0,0.25,0.0,64.0,0.0,16553.0,0,0,0,benign
172.30.0.100,172.30.0.11,8080,35780,6,0.000177,8,746,45160.7429,4211239.2786,93.25,66.1358,66,268,2.5e-05,1.8e-05,7e-06,6.3e-05,2,7,0,2,1,0,0.25,0.0,64.0,0.0,16553.0,0,0,0,benign
172.30.0.100,172.30.0.12,8080,34234,6,0.00016,8,746,50006.6051,4663115.9225,93.25,66.1358,66,268,2.3e-05,1.7e-05,7e-06,6.1e-05,2,7,0,2,1,0,0.25,0.0,64.0,0.0,16553.0,0,0,0,benign
172.30.0.100,172.30.0.13,8080,35074,6,0.000147,8,746,54471.4805,5079465.5584,93.25,66.1358,66,268,2.1e-05,1.6e-05,7e-06,5.7e-05,2,7,0,2,1,0,0.25,0.0,64.0,0.0,16553.0,0,0,0,benign
172.30.0.100,172.30.0.11,8080,35788,6,0.00018,8,746,44442.9563,4144305.6742,93.25,66.1358,66,268,2.6e-05,2e-05,6e-06,6.7e-05,2,7,0,2,1,0,0.25,0.0,64.0,0.0,16553.0,0,0,0,benign
172.30.0.100,172.30.0.12,8080,34236,6,0.000179,8,746,44739.2427,4171934.3787,93.25,66.1358,66,268,2.6e-05,1.9e-05,7e-06,6.2e-05,2,7,0,2,1,0,0.25,0.0,64.0,0.0,16553.0,0,0,0,benign
172.30.0.100,172.30.0.13,8080,35080,6,0.000136,8,745,58867.4246,5482028.9123,93.125,65.8055,66,267,1.9e-05,1.5e-05,6e-06,5.4e-05,2,7,0,2,1,0,0.25,0.0,64.0,0.0,16553.0,0,0,0,benign
172.30.0.100,172.30.0.11,8080,48344,6,0.00018,8,745,44442.9563,4138750.3046,93.125,65.8055,66,267,2.6e-05,2.2e-05,6e-06,7.3e-05,2,7,0,2,1,0,0.25,0.0,64.0,0.0,16553.0,0,0,0,benign
172.30.0.100,172.30.0.13,8080,54568,6,0.000161,8,746,49710.2696,4635482.643,93.25,66.1358,66,268,2.3e-05,1.7e-05,7e-06,6e-05,2,7,0,2,1,0,0.25,0.0,64.0,0.0,16553.0,0,0,0,benign
172.30.0.100,172.30.0.12,8080,37250,6,0.000164,8,746,48770.9767,4547893.5814,93.25,66.1358,66,268,2.3e-05,2e-05,7e-06,6.8e-05,2,7,0,2,1,0,0.25,0.0,64.0,0.0,16553.0,0,0,0,benign
172.30.0.100,172.30.0.11,8080,48348,6,0.000197,8,745,40573.6784,3778423.7969,93.125,65.8055,66,267,2.8e-05,2e-05,7e-06,6.5e-05,2,7,0,2,1,0,0.25,0.0,64.0,0.0,16553.0,0,0,0,benign
172.30.0.100,172.30.0.13,8080,54576,6,0.000193,8,746,41476.4302,3867677.1125,93.25,66.1358,66,268,2.8e-05,2.2e-05,7e-06,7.6e-05,2,7,0,2,1,0,0.25,0.0,64.0,0.0,16553.0,0,0,0,benign
172.30.0.100,172.30.0.12,8080,37252,6,0.00018,8,746,44442.9563,4144305.6742,93.25,66.1358,66,268,2.6e-05,1.9e-05,7e-06,6.1e-05,2,7,0,2,1,0,0.25,0.0,64.0,0.0,16553.0,0,0,0,benign
172.30.0.100,172.30.0.11,8080,49848,6,0.000181,8,746,44150.5684,4117040.5053,93.25,66.1358,66,268,2.6e-05,1.9e-05,8e-06,6.6e-05,2,7,0,2,1,0,0.25,0.0,64.0,0.0,16553.0,0,0,0,benign
172.30.0.100,172.30.0.13,8080,43876,6,0.00017,8,746,47060.9144,4388430.2721,93.25,66.1358,66,268,2.4e-05,1.8e-05,7e-06,6.1e-05,2,7,0,2,1,0,0.25,0.0,64.0,0.0,16553.0,0,0,0,benign
172.30.0.100,172.30.0.12,8080,60962,6,0.000178,8,745,44918.9183,4183074.2704,93.125,65.8055,66,267,2.5e-05,1.9e-05,7e-06,6e-05,2,7,0,2,1,0,0.25,0.0,64.0,0.0,16553.0,0,0,0,benign
172.30.0.100,172.30.0.11,8080,49858,6,0.000179,8,746,44679.6698,4166379.2064,93.25,66.1358,66,268,2.6e-05,1.9e-05,7e-06,5.7e-05,2,7,0,2,1,0,0.25,0.0,64.0,0.0,16553.0,0,0,0,benign
172.30.0.100,172.30.0.13,8080,43884,6,0.000187,8,746,42799.0204,3991008.6531,93.25,66.1358,66,268,2.7e-05,1.9e-05,7e-06,6.3e-05,2,7,0,2,1,0,0.25,0.0,64.0,0.0,16553.0,0,0,0,benign
172.30.0.100,172.30.0.11,8080,49870,6,0.000184,8,746,43464.2902,4053045.057,93.25,66.1358,66,268,2.6e-05,1.9e-05,7e-06,6.4e-05,2,7,0,2,1,0,0.25,0.0,64.0,0.0,16553.0,0,0,0,benign
172.30.0.100,172.30.0.12,8080,60968,6,0.000152,8,746,52675.7174,4912010.6499,93.25,66.1358,66,268,2.2e-05,1.6e-05,7e-06,5.9e-05,2,7,0,2,1,0,0.25,0.0,64.0,0.0,16553.0,0,0,0,benign
172.30.0.100,172.30.0.13,8080,54338,6,0.000172,8,745,46538.7406,4333920.2219,93.125,65.8055,66,267,2.5e-05,1.8e-05,7e-06,6.2e-05,2,7,0,2,1,0,0.25,0.0,64.0,0.0,16553.0,0,0,0,benign
172.30.0.100,172.30.0.11,8080,41126,6,0.000163,8,745,49056.1871,4568357.4269,93.125,65.8055,66,267,2.3e-05,1.7e-05,6e-06,6e-05,2,7,0,2,1,0,0.25,0.0,64.0,0.0,16553.0,0,0,0,benign
172.30.0.100,172.30.0.12,8080,57082,6,0.000162,8,746,49344.7529,4601398.2118,93.25,66.1358,66,268,2.3e-05,1.8e-05,6e-06,6.4e-05,2,7,0,2,1,0,0.25,0.0,64.0,0.0,16553.0,0,0,0,benign
172.30.0.100,172.30.0.13,8080,54342,6,0.000175,8,745,45714.485,4257161.4169,93.125,65.8055,66,267,2.5e-05,1.8e-05,6e-06,6.2e-05,2,7,0,2,1,0,0.25,0.0,64.0,0.0,16553.0,0,0,0,benign
172.30.0.100,172.30.0.12,8080,57096,6,0.000157,8,746,50994.5775,4755244.3526,93.25,66.1358,66,268,2.2e-05,1.7e-05,6e-06,6.1e-05,2,7,0,2,1,0,0.25,0.0,64.0,0.0,16553.0,0,0,0,benign
172.30.0.100,172.30.0.11,8080,41132,6,0.000153,8,746,52265.4704,4873755.1153,93.25,66.1358,66,268,2.2e-05,1.7e-05,6e-06,6.2e-05,2,7,0,2,1,0,0.25,0.0,64.0,0.0,16553.0,0,0,0,benign
172.30.0.100,172.30.0.13,8080,53536,6,0.000172,8,746,46474.2825,4333726.8476,93.25,66.1358,66,268,2.5e-05,1.9e-05,6e-06,6e-05,2,7,0,2,1,0,0.25,0.0,64.0,0.0,16553.0,0,0,0,benign
172.30.0.100,172.30.0.11,8080,55248,6,0.000149,8,746,53687.0912,5006321.2544,93.25,66.1358,66,268,2.1e-05,1.6e-05,6e-06,5.8e-05,2,7,0,2,1,0,0.25,0.0,64.0,0.0,16553.0,0,0,0,benign
172.30.0.100,172.30.0.12,8080,48526,6,0.000153,8,746,52265.4704,4873755.1153,93.25,66.1358,66,268,2.2e-05,1.7e-05,7e-06,5.9e-05,2,7,0,2,1,0,0.25,0.0,64.0,0.0,16553.0,0,0,0,benign
172.30.0.100,172.30.0.11,8080,55250,6,0.000169,8,746,47326.4203,4413188.6939,93.25,66.1358,66,268,2.4e-05,1.9e-05,6e-06,6.3e-05,2,7,0,2,1,0,0.25,0.0,64.0,0.0,16553.0,0,0,0,benign
172.30.0.100,172.30.0.12,8080,48534,6,0.00014,8,746,57162.5758,5330410.1942,93.25,66.1358,66,268,2e-05,1.6e-05,9e-06,5.9e-05,2,7,0,2,1,0,0.25,0.0,64.0,0.0,16553.0,0,0,0,benign
172.30.0.100,172.30.0.13,8080,53538,6,0.000118,8,746,67786.7313,6321112.6949,93.25,66.1358,66,268,1.7e-05,1.4e-05,8e-06,5.2e-05,2,7,0,2,1,0,0.25,0.0,64.0,0.0,16553.0,0,0,0,benign
172.30.0.100,172.30.0.12,8080,58842,6,0.000185,8,745,43240.2474,4026748.0412,93.125,65.8055,66,267,2.6e-05,2e-05,7e-06,6.6e-05,2,7,0,2,1,0,0.25,0.0,64.0,0.0,16553.0,0,0,0,benign
172.30.0.100,172.30.0.11,8080,57950,6,0.000139,8,746,57554.7719,5366982.4768,93.25,66.1358,66,268,2e-05,1.6e-05,6e-06,5.9e-05,2,7,0,2,1,0,0.25,0.0,64.0,0.0,16553.0,0,0,0,benign
172.30.0.100,172.30.0.13,8080,53644,6,0.000181,8,746,44208.7378,4122464.8011,93.25,66.1358,66,268,2.6e-05,1.8e-05,8e-06,6.2e-05,2,7,0,2,1,0,0.25,0.0,64.0,0.0,16553.0,0,0,0,benign
172.30.0.100,172.30.0.12,8080,58852,6,0.000181,8,746,44208.7378,4122464.8011,93.25,66.1358,66,268,2.6e-05,1.9e-05,7e-06,6.4e-05,2,7,0,2,1,0,0.25,0.0,64.0,0.0,16553.0,0,0,0,benign
172.30.0.100,172.30.0.11,8080,57962,6,0.000189,8,746,42366.7071,3950695.4343,93.25,66.1358,66,268,2.7e-05,1.9e-05,7e-06,6.3e-05,2,7,0,2,1,0,0.25,0.0,64.0,0.0,16553.0,0,0,0,benign
172.30.0.100,172.30.0.13,8080,53658,6,0.000178,8,746,44979.1314,4194304.0,93.25,66.1358,66,268,2.5e-05,2e-05,6e-06,6.9e-05,2,7,0,2,1,0,0.25,0.0,64.0,0.0,16553.0,0,0,0,benign
172.30.0.100,172.30.0.12,8080,48536,6,0.000205,8,745,39016.7814,3633437.7674,93.125,65.8055,66,267,2.9e-05,2.1e-05,7e-06,7.1e-05,2,7,0,2,1,0,0.25,0.0,64.0,0.0,16553.0,0,0,0,benign
172.30.0.100,172.30.0.11,8080,37896,6,0.00018,8,745,44442.9563,4138750.3046,93.125,65.8055,66,267,2.6e-05,2e-05,8e-06,7.1e-05,2,7,0,2,1,0,0.25,0.0,64.0,0.0,16553.0,0,0,0,benign
172.30.0.100,172.30.0.13,8080,59152,6,0.000187,8,746,42799.0204,3991008.6531,93.25,66.1358,66,268,2.7e-05,1.9e-05,7e-06,6.5e-05,2,7,0,2,1,0,0.25,0.0,64.0,0.0,16553.0,0,0,0,benign
172.30.0.100,172.30.0.12,8080,48538,6,0.000191,8,746,41890.6767,3906305.598,93.25,66.1358,66,268,2.7e-05,2e-05,7e-06,6.6e-05,2,7,0,2,1,0,0.25,0.0,64.0,0.0,16553.0,0,0,0,benign
172.30.0.100,172.30.0.11,8080,37902,6,0.000173,8,746,46218.2259,4309849.5647,93.25,66.1358,66,268,2.5e-05,2.1e-05,8e-06,7.4e-05,2,7,0,2,1,0,0.25,0.0,64.0,0.0,16553.0,0,0,0,benign
172.30.0.100,172.30.0.13,8080,59166,6,0.000178,8,746,44979.1314,4194304.0,93.25,66.1358,66,268,2.5e-05,1.9e-05,7e-06,6.4e-05,2,7,0,2,1,0,0.25,0.0,64.0,0.0,16553.0,0,0,0,benign
172.30.0.100,172.30.0.12,8080,48542,6,0.000167,8,746,47934.9029,4469929.6914,93.25,66.1358,66,268,2.4e-05,1.8e-05,7e-06,6.3e-05,2,7,0,2,1,0,0.25,0.0,64.0,0.0,16553.0,0,0,0,benign
172.30.0.100,172.30.0.11,8080,53580,6,0.000157,8,744,50994.5775,4742495.7082,93.0,65.4752,66,266,2.2e-05,2.1e-05,8e-06,7.3e-05,2,7,0,2,1,0,0.25,0.0,64.0,0.0,16553.0,0,0,0,benign
172.30.0.100,172.30.0.13,8080,55584,6,0.000201,8,746,39803.5967,3711685.3903,93.25,66.1358,66,268,2.9e-05,2e-05,7e-06,7e-05,2,7,0,2,1,0,0.25,0.0,64.0,0.0,16553.0,0,0,0,benign
172.30.0.100,172.30.0.12,8080,44676,6,0.000216,8,746,37035.7969,3453588.0618,93.25,66.1358,66,268,3.1e-05,3.3e-05,1.1e-05,0.000111,2,7,0,2,1,0,0.25,0.0,64.0,0.0,16553.0,0,0,0,benign
172.30.0.100,172.30.0.11,8080,53594,6,0.00016,8,746,50006.6051,4663115.9225,93.25,66.1358,66,268,2.3e-05,1.8e-05,6e-06,6e-05,2,7,0,2,1,0,0.25,0.0,64.0,0.0,16553.0,0,0,0,benign
172.30.0.100,172.30.0.13,8080,55600,6,0.000188,8,746,42581.7665,3970749.7259,93.25,66.1358,66,268,2.7e-05,2.1e-05,7e-06,6.1e-05,2,7,0,2,1,0,0.25,0.0,64.0,0.0,16553.0,0,0,0,benign
172.30.0.100,172.30.0.12,8080,44686,6,0.000195,8,745,41020.088,3819995.6968,93.125,65.8055,66,267,2.8e-05,2.1e-05,7e-06,6.6e-05,2,7,0,2,1,0,0.25,0.0,64.0,0.0,16553.0,0,0,0,benign
172.30.0.100,172.30.0.11,8080,35006,6,0.000173,8,746,46218.2259,4309849.5647,93.25,66.1358,66,268,2.5e-05,1.9e-05,7e-06,6.6e-05,2,7,0,2,1,0,0.25,0.0,64.0,0.0,16553.0,0,0,0,benign
172.30.0.100,172.30.0.13,8080,59388,6,0.000123,9,812,73298.5165,6613155.0447,90.2222,62.9387,66,268,1.5e-05,1.4e-05,6e-06,5.3e-05,2,8,0,2,1,0,0.2222,0.0,64.0,0.0,14770.22,0,0,0,benign
172.30.0.100,172.30.0.12,8080,33258,6,0.000188,8,746,42527.7972,3965717.09,93.25,66.1358,66,268,2.7e-05,2.2e-05,7e-06,7.5e-05,2,7,0,2,1,0,0.25,0.0,64.0,0.0,16553.0,0,0,0,benign
172.30.0.100,172.30.0.11,8080,35014,6,0.000186,8,746,43018.5026,4011475.3641,93.25,66.1358,66,268,2.7e-05,2e-05,7e-06,6.8e-05,2,7,0,2,1,0,0.25,0.0,64.0,0.0,16553.0,0,0,0,benign
172.30.0.100,172.30.0.13,8080,59404,6,0.000174,8,746,45964.9753,4286233.9507,93.25,66.1358,66,268,2.5e-05,1.8e-05,7e-06,6.5e-05,2,7,0,2,1,0,0.25,0.0,64.0,0.0,16553.0,0,0,0,benign
172.30.0.100,172.30.0.12,8080,33272,6,0.000898,8,745,8909.8332,829728.2209,93.125,65.8055,66,267,0.000128,0.000258,1.1e-05,0.00076,2,7,0,2,1,0,0.25,0.0,64.0,0.0,16553.0,0,0,0,benign
172.30.0.100,172.30.0.13,8080,58590,6,0.00018,8,746,44442.9563,4144305.6742,93.25,66.1358,66,268,2.6e-05,1.8e-05,7e-06,6.1e-05,2,7,0,2,1,0,0.25,0.0,64.0,0.0,16553.0,0,0,0,benign
172.30.0.100,172.30.0.11,8080,59924,6,0.000188,8,746,42527.7972,3965717.09,93.25,66.1358,66,268,2.7e-05,1.9e-05,7e-06,6.3e-05,2,7,0,2,1,0,0.25,0.0,64.0,0.0,16553.0,0,0,0,benign
172.30.0.100,172.30.0.12,8080,57180,6,0.000164,8,746,48770.9767,4547893.5814,93.25,66.1358,66,268,2.3e-05,1.8e-05,7e-06,6.2e-05,2,7,0,2,1,0,0.25,0.0,64.0,0.0,16553.0,0,0,0,benign
172.30.0.100,172.30.0.11,8080,59934,6,0.000176,8,746,45466.71,4239770.71,93.25,66.1358,66,268,2.5e-05,1.9e-05,7e-06,6.4e-05,2,7,0,2,1,0,0.25,0.0,64.0,0.0,16553.0,0,0,0,benign
172.30.0.100,172.30.0.13,8080,58592,6,0.000154,8,746,51941.8452,4843577.065,93.25,66.1358,66,268,2.2e-05,1.6e-05,7e-06,6e-05,2,7,0,2,1,0,0.25,0.0,64.0,0.0,16553.0,0,0,0,benign
172.30.0.100,172.30.0.12,8080,57186,6,0.000177,8,746,45221.6065,4216914.8032,93.25,66.1358,66,268,2.5e-05,1.8e-05,7e-06,6.4e-05,2,7,0,2,1,0,0.25,0.0,64.0,0.0,16553.0,0,0,0,benign
172.30.0.100,172.30.0.11,8080,56240,6,0.000186,8,746,43018.5026,4011475.3641,93.25,66.1358,66,268,2.7e-05,1.8e-05,8e-06,6.4e-05,2,7,0,2,1,0,0.25,0.0,64.0,0.0,16553.0,0,0,0,benign
172.30.0.100,172.30.0.13,8080,37212,6,0.000153,8,745,52347.0078,4874815.1014,93.125,65.8055,66,267,2.2e-05,1.6e-05,8e-06,5.8e-05,2,7,0,2,1,0,0.25,0.0,64.0,0.0,16553.0,0,0,0,benign
172.30.0.100,172.30.0.13,8080,37222,6,0.000187,8,746,42799.0204,3991008.6531,93.25,66.1358,66,268,2.7e-05,2e-05,7e-06,6.6e-05,2,7,0,2,1,0,0.25,0.0,64.0,0.0,16553.0,0,0,0,benign
172.30.0.100,172.30.0.11,8080,56252,6,0.000132,9,811,68138.5126,6140037.083,90.1111,62.6249,66,267,1.7e-05,1.5e-05,5e-06,5.5e-05,2,8,0,2,1,0,0.2222,0.0,64.0,0.0,14770.22,0,0,0,benign
172.30.0.100,172.30.0.11,8080,53036,6,0.000164,8,746,48841.968,4554513.5138,93.25,66.1358,66,268,2.3e-05,1.9e-05,6e-06,6.6e-05,2,7,0,2,1,0,0.25,0.0,64.0,0.0,16553.0,0,0,0,benign
172.30.0.100,172.30.0.13,8080,34582,6,0.00015,8,746,53345.6789,4974484.5533,93.25,66.1358,66,268,2.1e-05,2e-05,7e-06,6.8e-05,2,7,0,2,1,0,0.25,0.0,64.0,0.0,16553.0,0,0,0,benign
172.30.0.100,172.30.0.12,8080,47624,6,0.000157,8,746,50917.1958,4748028.5038,93.25,66.1358,66,268,2.2e-05,1.8e-05,6e-06,6.3e-05,2,7,0,2,1,0,0.25,0.0,64.0,0.0,16553.0,0,0,0,benign
172.30.0.100,172.30.0.11,8080,53050,6,0.000159,8,746,50306.4948,4691080.6357,93.25,66.1358,66,268,2.3e-05,1.8e-05,6e-06,6.2e-05,2,7,0,2,1,0,0.25,0.0,64.0,0.0,16553.0,0,0,0,benign
172.30.0.100,172.30.0.13,8080,34590,6,0.000114,9,812,78972.251,7125051.9833,90.2222,62.9387,66,268,1.4e-05,1.4e-05,5e-06,5e-05,2,8,0,2,1,0,0.2222,0.0,64.0,0.0,14770.22,0,0,0,benign
172.30.0.100,172.30.0.12,8080,47626,6,0.000158,8,746,50610.003,4719382.7813,93.25,66.1358,66,268,2.3e-05,1.7e-05,6e-06,6e-05,2,7,0,2,1,0,0.25,0.0,64.0,0.0,16553.0,0,0,0,benign
172.30.0.100,172.30.0.11,8080,33494,6,0.000164,8,746,48770.9767,4547893.5814,93.25,66.1358,66,268,2.3e-05,1.8e-05,7e-06,6e-05,2,7,0,2,1,0,0.25,0.0,64.0,0.0,16553.0,0,0,0,benign
172.30.0.100,172.30.0.13,8080,51480,6,0.00017,8,746,47060.9144,4388430.2721,93.25,66.1358,66,268,2.4e-05,1.8e-05,7e-06,6.3e-05,2,7,0,2,1,0,0.25,0.0,64.0,0.0,16553.0,0,0,0,benign
172.30.0.100,172.30.0.12,8080,50702,6,0.000181,8,746,44208.7378,4122464.8011,93.25,66.1358,66,268,2.6e-05,1.7e-05,1.2e-05,6.6e-05,2,7,0,2,1,0,0.25,0.0,64.0,0.0,16553.0,0,0,0,benign
172.30.0.100,172.30.0.11,8080,33504,6,0.000168,8,745,47662.5455,4438574.5455,93.125,65.8055,66,267,2.4e-05,2e-05,6e-06,7e-05,2,7,0,2,1,0,0.25,0.0,64.0,0.0,16553.0,0,0,0,benign
172.30.0.100,172.30.0.13,8080,51486,6,0.000179,8,745,44739.2427,4166341.9733,93.125,65.8055,66,267,2.6e-05,1.8e-05,7e-06,6.1e-05,2,7,0,2,1,0,0.25,0.0,64.0,0.0,16553.0,0,0,0,benign
172.30.0.100,172.30.0.12,8080,50714,6,0.000159,8,746,50306.4948,4691080.6357,93.25,66.1358,66,268,2.3e-05,1.8e-05,6e-06,6.2e-05,2,7,0,2,1,0,0.25,0.0,64.0,0.0,16553.0,0,0,0,benign
172.30.0.100,172.30.0.11,8080,35896,6,0.000171,8,746,46733.1922,4357870.1727,93.25,66.1358,66,268,2.4e-05,1.7e-05,1e-05,6.2e-05,2,7,0,2,1,0,0.25,0.0,64.0,0.0,16553.0,0,0,0,benign
172.30.0.100,172.30.0.13,8080,37386,6,0.000196,8,745,40820.4769,3801406.91,93.125,65.8055,66,267,2.8e-05,2.3e-05,6e-06,6.8e-05,2,7,0,2,1,0,0.25,0.0,64.0,0.0,16553.0,0,0,0,benign
172.30.0.100,172.30.0.12,8080,49130,6,0.00017,8,746,47060.9144,4388430.2721,93.25,66.1358,66,268,2.4e-05,2.1e-05,8e-06,7.4e-05,2,7,0,2,1,0,0.25,0.0,64.0,0.0,16553.0,0,0,0,benign
172.30.0.100,172.30.0.11,8080,35902,6,0.000186,8,746,43018.5026,4011475.3641,93.25,66.1358,66,268,2.7e-05,1.9e-05,7e-06,6.5e-05,2,7,0,2,1,0,0.25,0.0,64.0,0.0,16553.0,0,0,0,benign
172.30.0.100,172.30.0.13,8080,37396,6,0.000165,8,745,48419.0938,4509028.1097,93.125,65.8055,66,267,2.4e-05,1.8e-05,6e-06,6.2e-05,2,7,0,2,1,0,0.25,0.0,64.0,0.0,16553.0,0,0,0,benign
172.30.0.100,172.30.0.12,8080,56022,6,0.000172,8,746,46474.2825,4333726.8476,93.25,66.1358,66,268,2.5e-05,2e-05,6e-06,6.6e-05,2,7,0,2,1,0,0.25,0.0,64.0,0.0,16553.0,0,0,0,benign
172.30.0.100,172.30.0.11,8080,34722,6,0.000147,8,746,54383.1961,5071233.0373,93.25,66.1358,66,268,2.1e-05,1.8e-05,7e-06,6.5e-05,2,7,0,2,1,0,0.25,0.0,64.0,0.0,16553.0,0,0,0,benign
172.30.0.100,172.30.0.13,8080,32814,6,0.000178,8,745,44979.1314,4188681.6086,93.125,65.8055,66,267,2.5e-05,2e-05,7e-06,7.2e-05,2,7,0,2,1,0,0.25,0.0,64.0,0.0,16553.0,0,0,0,benign
172.30.0.100,172.30.0.12,8080,56024,6,0.00016,8,746,50006.6051,4663115.9225,93.25,66.1358,66,268,2.3e-05,1.7e-05,6e-06,6e-05,2,7,0,2,1,0,0.25,0.0,64.0,0.0,16553.0,0,0,0,benign
172.30.0.100,172.30.0.11,8080,34732,6,0.000156,8,746,51306.4709,4784328.4159,93.25,66.1358,66,268,2.2e-05,1.8e-05,6e-06,6e-05,2,7,0,2,1,0,0.25,0.0,64.0,0.0,16553.0,0,0,0,benign
172.30.0.100,172.30.0.13,8080,32822,6,0.000167,8,746,47866.5221,4463553.1869,93.25,66.1358,66,268,2.4e-05,1.8e-05,6e-06,6.3e-05,2,7,0,2,1,0,0.25,0.0,64.0,0.0,16553.0,0,0,0,benign
172.30.0.100,172.30.0.12,8080,43988,6,0.000162,8,745,49417.4256,4601997.7614,93.125,65.8055,66,267,2.3e-05,1.8e-05,7e-06,6.3e-05,2,7,0,2,1,0,0.25,0.0,64.0,0.0,16553.0,0,0,0,benign
172.30.0.100,172.30.0.11,8080,34204,6,0.000174,8,746,45964.9753,4286233.9507,93.25,66.1358,66,268,2.5e-05,1.7e-05,6e-06,6e-05,2,7,0,2,1,0,0.25,0.0,64.0,0.0,16553.0,0,0,0,benign
172.30.0.100,172.30.0.13,8080,36236,6,0.000169,8,746,47326.4203,4413188.6939,93.25,66.1358,66,268,2.4e-05,1.8e-05,6e-06,6.2e-05,2,7,0,2,1,0,0.25,0.0,64.0,0.0,16553.0,0,0,0,benign
172.30.0.100,172.30.0.11,8080,34208,6,0.000178,8,745,44979.1314,4188681.6086,93.125,65.8055,66,267,2.5e-05,1.7e-05,7e-06,6.2e-05,2,7,0,2,1,0,0.25,0.0,64.0,0.0,16553.0,0,0,0,benign
172.30.0.100,172.30.0.12,8080,44000,6,0.000159,8,746,50306.4948,4691080.6357,93.25,66.1358,66,268,2.3e-05,1.7e-05,7e-06,6.2e-05,2,7,0,2,1,0,0.25,0.0,64.0,0.0,16553.0,0,0,0,benign
172.30.0.100,172.30.0.13,8080,36246,6,0.000189,8,746,42366.7071,3950695.4343,93.25,66.1358,66,268,2.7e-05,2e-05,7e-06,6.1e-05,2,7,0,2,1,0,0.25,0.0,64.0,0.0,16553.0,0,0,0,benign
172.30.0.100,172.30.0.11,8080,34218,6,0.000174,8,746,45964.9753,4286233.9507,93.25,66.1358,66,268,2.5e-05,1.9e-05,6e-06,6.2e-05,2,7,0,2,1,0,0.25,0.0,64.0,0.0,16553.0,0,0,0,benign
172.30.0.100,172.30.0.12,8080,52760,6,0.00018,8,746,44442.9563,4144305.6742,93.25,66.1358,66,268,2.6e-05,1.9e-05,6e-06,6.1e-05,2,7,0,2,1,0,0.25,0.0,64.0,0.0,16553.0,0,0,0,benign
172.30.0.100,172.30.0.11,8080,33120,6,0.00017,8,746,47060.9144,4388430.2721,93.25,66.1358,66,268,2.4e-05,1.8e-05,7e-06,6.1e-05,2,7,0,2,1,0,0.25,0.0,64.0,0.0,16553.0,0,0,0,benign
172.30.0.100,172.30.0.13,8080,39482,6,0.000183,8,746,43747.6297,4079466.472,93.25,66.1358,66,268,2.6e-05,2.2e-05,7e-06,7.5e-05,2,7,0,2,1,0,0.25,0.0,64.0,0.0,16553.0,0,0,0,benign
172.30.0.100,172.30.0.12,8080,52776,6,0.000187,8,746,42799.0204,3991008.6531,93.25,66.1358,66,268,2.7e-05,2e-05,7e-06,6.4e-05,2,7,0,2,1,0,0.25,0.0,64.0,0.0,16553.0,0,0,0,benign
172.30.0.100,172.30.0.13,8080,39490,6,0.000175,8,745,45714.485,4257161.4169,93.125,65.8055,66,267,2.5e-05,1.8e-05,7e-06,6.1e-05,2,7,0,2,1,0,0.25,0.0,64.0,0.0,16553.0,0,0,0,benign
172.30.0.100,172.30.0.11,8080,33132,6,0.000179,8,746,44739.2427,4171934.3787,93.25,66.1358,66,268,2.6e-05,1.8e-05,7e-06,6.2e-05,2,7,0,2,1,0,0.25,0.0,64.0,0.0,16553.0,0,0,0,benign
172.30.0.100,172.30.0.12,8080,51466,6,0.000168,8,746,47594.939,4438228.0624,93.25,66.1358,66,268,2.4e-05,1.8e-05,6e-06,6.4e-05,2,7,0,2,1,0,0.25,0.0,64.0,0.0,16553.0,0,0,0,benign
172.30.0.100,172.30.0.13,8080,42650,6,0.000188,8,745,42527.7972,3960401.1153,93.125,65.8055,66,267,2.7e-05,1.9e-05,7e-06,6.5e-05,2,7,0,2,1,0,0.25,0.0,64.0,0.0,16553.0,0,0,0,benign
172.30.0.100,172.30.0.12,8080,51476,6,0.000143,8,746,55924.0533,5214917.9733,93.25,66.1358,66,268,2e-05,1.7e-05,6e-06,6e-05,2,7,0,2,1,0,0.25,0.0,64.0,0.0,16553.0,0,0,0,benign
172.30.0.100,172.30.0.11,8080,43368,6,0.000141,8,746,56775.6887,5294332.9679,93.25,66.1358,66,268,2e-05,1.8e-05,9e-06,6.4e-05,2,7,0,2,1,0,0.25,0.0,64.0,0.0,16553.0,0,0,0,benign
172.30.0.100,172.30.0.11,8080,50454,6,0.000182,8,746,43976.9751,4100852.9279,93.25,66.1358,66,268,2.6e-05,1.9e-05,7e-06,6.5e-05,2,7,0,2,1,0,0.25,0.0,64.0,0.0,16553.0,0,0,0,benign
172.30.0.100,172.30.0.12,8080,47634,6,0.000166,8,746,48210.3908,4495618.9425,93.25,66.1358,66,268,2.4e-05,1.7e-05,6e-06,6.1e-05,2,7,0,2,1,0,0.25,0.0,64.0,0.0,16553.0,0,0,0,benign
172.30.0.100,172.30.0.13,8080,45548,6,0.000147,8,746,54471.4805,5079465.5584,93.25,66.1358,66,268,2.1e-05,2e-05,9e-06,6.9e-05,2,7,0,2,1,0,0.25,0.0,64.0,0.0,16553.0,0,0,0,benign
172.30.0.100,172.30.0.13,8080,45552,6,0.000183,8,746,43747.6297,4079466.472,93.25,66.1358,66,268,2.6e-05,1.9e-05,7e-06,6.6e-05,2,7,0,2,1,0,0.25,0.0,64.0,0.0,16553.0,0,0,0,benign
172.30.0.100,172.30.0.12,8080,47636,6,0.000121,9,812,74455.1006,6717504.6312,90.2222,62.9387,66,268,1.5e-05,1.5e-05,6e-06,5.5e-05,2,8,0,2,1,0,0.2222,0.0,64.0,0.0,14770.22,0,0,0,benign
172.30.0.100,172.30.0.11,8080,50458,6,0.000166,8,746,48210.3908,4495618.9425,93.25,66.1358,66,268,2.4e-05,1.8e-05,7e-06,6.1e-05,2,7,0,2,1,0,0.25,0.0,64.0,0.0,16553.0,0,0,0,benign
172.30.0.100,172.30.0.11,8080,50460,6,0.000206,8,746,38836.1481,3621470.8148,93.25,66.1358,66,268,2.9e-05,2.3e-05,7e-06,6.5e-05,2,7,0,2,1,0,0.25,0.0,64.0,0.0,16553.0,0,0,0,benign
172.30.0.100,172.30.0.12,8080,39320,6,0.00017,8,746,47060.9144,4388430.2721,93.25,66.1358,66,268,2.4e-05,1.8e-05,6e-06,6.3e-05,2,7,0,2,1,0,0.25,0.0,64.0,0.0,16553.0,0,0,0,benign
172.30.0.100,172.30.0.13,8080,36508,6,0.000168,8,745,47594.939,4432278.695,93.125,65.8055,66,267,2.4e-05,2e-05,6e-06,7e-05,2,7,0,2,1,0,0.25,0.0,64.0,0.0,16553.0,0,0,0,benign
172.30.0.100,172.30.0.11,8080,46196,6,0.000206,8,746,38836.1481,3621470.8148,93.25,66.1358,66,268,2.9e-05,2.4e-05,7e-06,7.8e-05,2,7,0,2,1,0,0.25,0.0,64.0,0.0,16553.0,0,0,0,benign
172.30.0.100,172.30.0.13,8080,36524,6,0.000169,8,746,47326.4203,4413188.6939,93.25,66.1358,66,268,2.4e-05,1.8e-05,7e-06,6.2e-05,2,7,0,2,1,0,0.25,0.0,64.0,0.0,16553.0,0,0,0,benign
172.30.0.100,172.30.0.12,8080,39328,6,0.000179,8,745,44679.6698,4160794.2477,93.125,65.8055,66,267,2.6e-05,1.9e-05,7e-06,6.4e-05,2,7,0,2,1,0,0.25,0.0,64.0,0.0,16553.0,0,0,0,benign
172.30.0.100,172.30.0.11,8080,46200,6,0.000153,8,745,52265.4704,4867221.9315,93.125,65.8055,66,267,2.2e-05,1.7e-05,6e-06,5.9e-05,2,7,0,2,1,0,0.25,0.0,64.0,0.0,16553.0,0,0,0,benign
172.30.0.100,172.30.0.13,8080,36526,6,0.000176,8,746,45466.71,4239770.71,93.25,66.1358,66,268,2.5e-05,2.1e-05,7e-06,7.2e-05,2,7,0,2,1,0,0.25,0.0,64.0,0.0,16553.0,0,0,0,benign
172.30.0.100,172.30.0.12,8080,39122,6,0.000167,8,746,47866.5221,4463553.1869,93.25,66.1358,66,268,2.4e-05,1.9e-05,7e-06,6.6e-05,2,7,0,2,1,0,0.25,0.0,64.0,0.0,16553.0,0,0,0,benign
172.30.0.100,172.30.0.11,8080,48664,6,0.000185,8,746,43240.2474,4032153.0722,93.25,66.1358,66,268,2.6e-05,2.2e-05,7e-06,7.8e-05,2,7,0,2,1,0,0.25,0.0,64.0,0.0,16553.0,0,0,0,benign
172.30.0.100,172.30.0.13,8080,37964,6,0.000159,8,745,50306.4948,4684792.3238,93.125,65.8055,66,267,2.3e-05,2e-05,9e-06,7.2e-05,2,7,0,2,1,0,0.25,0.0,64.0,0.0,16553.0,0,0,0,benign
172.30.0.100,172.30.0.12,8080,39136,6,0.00018,8,746,44442.9563,4144305.6742,93.25,66.1358,66,268,2.6e-05,1.8e-05,7e-06,6.4e-05,2,7,0,2,1,0,0.25,0.0,64.0,0.0,16553.0,0,0,0,benign
172.30.0.100,172.30.0.11,8080,48668,6,0.000163,8,746,49056.1871,4574489.4503,93.25,66.1358,66,268,2.3e-05,1.7e-05,6e-06,6.1e-05,2,7,0,2,1,0,0.25,0.0,64.0,0.0,16553.0,0,0,0,benign
172.30.0.100,172.30.0.13,8080,45758,6,0.000172,8,746,46538.7406,4339737.5645,93.25,66.1358,66,268,2.5e-05,1.8e-05,7e-06,6.2e-05,2,7,0,2,1,0,0.25,0.0,64.0,0.0,16553.0,0,0,0,benign
172.30.0.100,172.30.0.12,8080,32838,6,0.000154,8,746,51941.8452,4843577.065,93.25,66.1358,66,268,2.2e-05,1.8e-05,8e-06,6.4e-05,2,7,0,2,1,0,0.25,0.0,64.0,0.0,16553.0,0,0,0,benign
172.30.0.100,172.30.0.11,8080,59998,6,0.000177,8,746,45221.6065,4216914.8032,93.25,66.1358,66,268,2.5e-05,1.9e-05,7e-06,6.5e-05,2,7,0,2,1,0,0.25,0.0,64.0,0.0,16553.0,0,0,0,benign
172.30.0.100,172.30.0.13,8080,45766,6,0.000188,8,746,42527.7972,3965717.09,93.25,66.1358,66,268,2.7e-05,1.9e-05,7e-06,6.5e-05,2,7,0,2,1,0,0.25,0.0,64.0,0.0,16553.0,0,0,0,benign
172.30.0.100,172.30.0.12,8080,32846,6,9e-05,4,482,44501.8992,5362478.8541,120.5,85.2218,66,268,3e-05,2.3e-05,9e-06,6.2e-05,2,3,0,0,1,0,0.5,0.0,64.0,0.0,32601.0,0,0,0,benign
